age_band,block,n_rooms,share,share_min_room,share_max_room,mean_abs_shap_days
<45d,morph,3,0.6598298452078573,0.6152125876421791,0.689284092055907,68.67413677316699
<45d,yolo,3,0.10527422266810554,0.05064449212743859,0.16665862432380849,10.906788573186951
<45d,flow,3,0.07509832499534376,0.0722517340909103,0.07843795301950293,7.8176860064071745
<45d,audio_bio,3,0.10832846747644538,0.07110979122769201,0.14079130770110634,11.30037434002822
<45d,audio_equip,3,0.042767463788785764,0.029463656377703498,0.06368763756866312,4.445895556685911
<45d,time/flags,3,0.00870167586346226,0.00489340621815443,0.015211163862226394,0.9154610008204211
45-75d,morph,3,0.5861189180996517,0.528043954751334,0.6460776277966788,48.08074219289964
45-75d,yolo,3,0.11548477205368184,0.0560487769012996,0.1895859244830271,9.729063600563261
45-75d,flow,3,0.09845856489374243,0.08897890110371945,0.10952323023343245,8.065110839896601
45-75d,audio_bio,3,0.1326603966444284,0.09532539008825744,0.15664096890085544,10.78260371078588
45-75d,audio_equip,3,0.05684459262862121,0.035886167442627646,0.08386037114112904,4.761825222193257
45-75d,time/flags,3,0.010432755679874403,0.006310796192177192,0.016367557854819054,0.85309700772393
75-105d,morph,3,0.46200370654796147,0.4277578875974248,0.5029657659748135,33.14513281127126
75-105d,yolo,3,0.16400682397293845,0.10179698077820738,0.2361106354210029,12.29761523701392
75-105d,flow,3,0.12312074229154751,0.10718169666493058,0.13729255456563993,8.827728929282168
75-105d,audio_bio,3,0.16434908602797133,0.1204686266763589,0.1941288861046858,11.624436966296054
75-105d,audio_equip,3,0.07217983629734205,0.0528731431776311,0.09893957704366606,5.37213886247221
75-105d,time/flags,3,0.01433980486223923,0.009541576596616778,0.02334724832059024,0.994555673415087
105-140d,morph,3,0.4660284410008953,0.3792603585309389,0.5387291438407819,34.79441425774032
105-140d,yolo,3,0.15249838420662173,0.10908822850215111,0.2371884100199549,11.59274196911912
105-140d,flow,3,0.11977549062286619,0.11571546445939027,0.1273029301813082,8.916011676423869
105-140d,audio_bio,3,0.1650685666922326,0.14526086041362915,0.195760827216962,12.181540542757112
105-140d,audio_equip,3,0.07991482543527285,0.055282100716618696,0.1008678920681992,6.098476980730543
105-140d,time/flags,3,0.016714292042111244,0.007019206494537047,0.030339807156386664,1.1785900417978432
>140d,morph,3,0.4667519029377169,0.31590768661551116,0.5561714404545138,35.756021868076246
>140d,yolo,3,0.1643663085102297,0.09756744418620385,0.28900370773826917,12.930995268209701
>140d,flow,3,0.09779003345716042,0.08760133636738021,0.10931276894969338,7.548790255108142
>140d,audio_bio,3,0.1771704440968528,0.1625243369429787,0.18875606979218662,13.689354774101462
>140d,audio_equip,3,0.07844700487920354,0.046732584872190966,0.104062841092138,6.1442675727066876
>140d,time/flags,3,0.015474306118836621,0.008912950084704408,0.022841609877290593,1.1798949490389374
