scope,mode,phase,k_days,AUC,AUC_ci_lo,AUC_ci_hi,sensitivity_95spec,sensitivity_ci_lo,sensitivity_ci_hi,n_weeks,n_weeks_per_room,n_windows_neg,n_windows_pos,n_degenerate_replicates,flags
all rooms,all_sensor,growth (<=70 d),5,0.7510720849499695,0.6851491127011076,0.8371167859035505,0.4915254237288136,0.30766129032258066,0.7105516194331982,17,6/4/7,83,59,0,
room2,all_sensor,growth (<=70 d),5,0.735897435897436,0.5384615384615384,1.0,0.5333333333333333,0.16666666666666666,1.0,6,6,26,15,4,degenerate replicates: 4/2000
room6,all_sensor,growth (<=70 d),5,1.0,1.0,1.0,1.0,1.0,1.0,4,4,23,17,0,
room7,all_sensor,growth (<=70 d),5,0.8997821350762527,0.8197453703703703,1.0,0.2962962962962963,0.0967741935483871,1.0,7,7,34,27,0,
all rooms,all_sensor,growth (<=70 d),10,0.9720700985761227,0.9321381728367023,1.0,0.9090909090909091,0.7608695652173914,1.0,17,6/4/7,83,44,0,
room2,all_sensor,growth (<=70 d),10,0.9957264957264957,0.9800000000000001,1.0,1.0,0.7777777777777778,1.0,6,6,26,9,0,
room6,all_sensor,growth (<=70 d),10,1.0,1.0,1.0,1.0,1.0,1.0,4,4,23,13,5,degenerate replicates: 5/2000
room7,all_sensor,growth (<=70 d),10,0.9986631016042781,0.9885057471264368,1.0,1.0,0.8666666666666667,1.0,7,7,34,22,0,
all rooms,all_sensor,growth (<=70 d),15,1.0,0.9999999999999999,1.0,1.0,1.0,1.0,17,6/4/7,83,32,0,
room2,all_sensor,growth (<=70 d),15,1.0,0.9999999999999999,1.0,1.0,1.0,1.0,6,6,26,5,165,degenerate replicates: 165/2000
room6,all_sensor,growth (<=70 d),15,1.0,1.0,1.0,1.0,1.0,1.0,4,4,23,8,125,degenerate replicates: 125/2000
room7,all_sensor,growth (<=70 d),15,1.0,0.9999999999999999,1.0,1.0,1.0,1.0,7,7,34,19,5,degenerate replicates: 5/2000
all rooms,all_sensor,growth (<=70 d),20,1.0,0.9999999999999999,1.0,1.0,1.0,1.0,17,6/4/7,83,26,0,
room2,all_sensor,growth (<=70 d),20,1.0,0.9999999999999999,1.0,1.0,1.0,1.0,6,6,26,8,24,degenerate replicates: 24/2000
room6,all_sensor,growth (<=70 d),20,1.0,1.0,1.0,1.0,1.0,1.0,4,4,23,4,146,degenerate replicates: 146/2000
room7,all_sensor,growth (<=70 d),20,1.0,0.9999999999999999,1.0,1.0,1.0,1.0,7,7,34,14,2,degenerate replicates: 2/2000
all rooms,all_sensor,plateau (>70 d),5,0.5430851955094518,0.5094487272264169,0.5872097893421498,0.08016877637130802,0.017391304347826087,0.1281124618497307,50,17/16/17,277,237,0,
all rooms,all_sensor,plateau (>70 d),10,0.6138423637687671,0.564143254643515,0.6679080118284932,0.11587982832618025,0.008264462809917356,0.18502202643171806,50,17/16/17,277,233,0,
all rooms,all_sensor,plateau (>70 d),15,0.6877715229761977,0.6351356957413572,0.7523101475730815,0.19491525423728814,0.056441184649610676,0.2943552751012429,50,17/16/17,277,236,0,
all rooms,all_sensor,plateau (>70 d),20,0.7477357654062955,0.6864210693934967,0.8126020113467533,0.2631578947368421,0.17390843773028739,0.40173022598870045,50,17/16/17,277,228,0,
all rooms,morph_only,growth (<=70 d),5,0.7341229324075965,0.6669355312240952,0.8304023951352691,0.4745762711864407,0.28567019400352733,0.7142857142857143,17,6/4/7,83,59,0,
room2,morph_only,growth (<=70 d),5,0.7256410256410256,0.48863636363636365,1.0,0.4666666666666667,0.08166666666666676,1.0,6,6,26,15,3,AUC CI lower bound <= 0.5; degenerate replicates: 3/2000
room6,morph_only,growth (<=70 d),5,1.0,1.0,1.0,1.0,1.0,1.0,4,4,23,17,0,
room7,morph_only,growth (<=70 d),5,0.8431372549019608,0.7713920817369092,1.0,0.25925925925925924,0.09375,1.0,7,7,34,27,1,degenerate replicates: 1/2000
all rooms,morph_only,growth (<=70 d),10,0.9668674698795181,0.9178605805159477,1.0,0.8636363636363636,0.6470113851992411,1.0,17,6/4/7,83,44,0,
room2,morph_only,growth (<=70 d),10,1.0,0.9999999999999999,1.0,1.0,1.0,1.0,6,6,26,9,0,
room6,morph_only,growth (<=70 d),10,1.0,1.0,1.0,1.0,1.0,1.0,4,4,23,13,5,degenerate replicates: 5/2000
room7,morph_only,growth (<=70 d),10,1.0,0.9999999999999999,1.0,1.0,1.0,1.0,7,7,34,22,0,
all rooms,morph_only,growth (<=70 d),15,1.0,0.9999999999999999,1.0,1.0,1.0,1.0,17,6/4/7,83,32,0,
room2,morph_only,growth (<=70 d),15,1.0,0.9999999999999999,1.0,1.0,1.0,1.0,6,6,26,5,151,degenerate replicates: 151/2000
room6,morph_only,growth (<=70 d),15,1.0,1.0,1.0,1.0,1.0,1.0,4,4,23,8,140,degenerate replicates: 140/2000
room7,morph_only,growth (<=70 d),15,1.0,0.9999999999999999,1.0,1.0,1.0,1.0,7,7,34,19,8,degenerate replicates: 8/2000
all rooms,morph_only,growth (<=70 d),20,1.0,0.9999999999999999,1.0,1.0,1.0,1.0,17,6/4/7,83,26,0,
room2,morph_only,growth (<=70 d),20,1.0,0.9999999999999999,1.0,1.0,1.0,1.0,6,6,26,8,35,degenerate replicates: 35/2000
room6,morph_only,growth (<=70 d),20,1.0,1.0,1.0,1.0,1.0,1.0,4,4,23,4,129,degenerate replicates: 129/2000
room7,morph_only,growth (<=70 d),20,1.0,0.9999999999999999,1.0,1.0,1.0,1.0,7,7,34,14,5,degenerate replicates: 5/2000
all rooms,morph_only,plateau (>70 d),5,0.5331231244954227,0.502001239828224,0.5721182633134367,0.06751054852320675,0.0,0.13537475003060848,50,17/16/17,277,237,0,
all rooms,morph_only,plateau (>70 d),10,0.5821105963651013,0.5346477268636455,0.6324591054005373,0.08583690987124463,0.016877637130801686,0.17673081324382053,50,17/16/17,277,233,0,
all rooms,morph_only,plateau (>70 d),15,0.643731261090375,0.5902680463884297,0.7023757729716577,0.1440677966101695,0.07929194199706315,0.27155370843989735,50,17/16/17,277,236,0,
all rooms,morph_only,plateau (>70 d),20,0.6997276584964215,0.6408008611812925,0.7596896696070856,0.2412280701754386,0.15352651597874356,0.3364485981308411,50,17/16/17,277,228,0,
