feature,block,mean_abs_shap_mean_of_rooms,mean_abs_shap_room2,mean_abs_shap_room6,mean_abs_shap_room7
morph__bbox_h_p10__m,morph,7.343718645792411,7.3533947593425415,13.987174719918634,0.6905864581160537
morph__area_p50_rel__m,morph,7.17110820034831,8.228594005193598,0.27189504047250734,13.012835555378825
morph__bbox_h_p10_rel__m,morph,6.712228591872306,8.786204865389463,0.09638590292072075,11.254095007306733
morph__det_conf_mean__m,morph,3.4131873763470573,1.925725075461159,1.1485733444174477,7.165263709162565
audio_bio__band_mid_frac_std__s,audio_bio,3.2433570674140824,2.562432071158965,4.912156555739031,2.25548257534425
yolo__median_track_length_s__m,yolo,2.3326146860163948,0.5632442094147124,6.367925987701222,0.06667386093325066
morph__area_p90_rel__m,morph,2.082441375364089,0.2325336159097769,4.175090937759482,1.8396995724230087
morph__bbox_h_mean__m,morph,1.81416879828397,4.376558027727268,0.8871362140660838,0.17881215305855833
yolo__speed_bl_per_s_p90_over_median_ratio__m,yolo,1.607465099238702,1.946637315618624,1.8646670063095745,1.0110909757879079
yolo__nn_dist_min_mean__m,yolo,1.3355663244432892,0.8341929986741231,2.622903213468447,0.5496027611872971
morph__bbox_h_p90_rel__m,morph,1.3200851998538479,3.3987121826972366,0.10574528204963698,0.4557981348146698
morph__area_p50__m,morph,1.3129807112002658,0.2685008755865923,3.0552083953440987,0.6152328626701068
yolo__frac_speed_valid__m,yolo,1.2114709016598215,0.8524615843321338,2.4147290545959184,0.3672220660514128
audio_equip__band_voc_db_p10__m,audio_equip,1.0759891698862314,0.6991487277887731,2.2411940007574223,0.2876247811124987
hour_sin,time/flags,0.8610036729252121,0.17879866044531081,0.8959675793233921,1.5082447790069333
morph__area_p90__m,morph,0.858486075647329,0.2897289426342471,2.1769240134023833,0.10880527090535659
audio_equip__rms_p10__m,audio_equip,0.7553442802136042,2.1150554026027932,0.12983580130001549,0.021141636738003785
morph__aspect_p50__m,morph,0.6688974496405359,0.8822196868438353,1.0487896422692067,0.07568301980856577
flow__flow_var_p50__m,flow,0.6449001986565657,0.48271547190815867,1.2604504108987773,0.19153471316276116
yolo__bird_count_mean__m,yolo,0.6299170464481294,0.21375953029480976,1.1012804153455114,0.574711193704067
morph__bbox_h_p90__m,morph,0.6148654328390925,0.8000502152776579,0.6708885573330706,0.3736575259065487
flow__flow_p90_p50__s,flow,0.6145114447291578,0.7276261545942276,0.5469273341405431,0.5689808454527024
morph__aspect_iqr__m,morph,0.5829365127110627,0.48533275053616187,1.0579166877433837,0.20556009985364257
morph__bbox_w_p50__m,morph,0.5285567827640529,0.4894582247804351,0.9050759524153177,0.19113617109640604
flow__disp_mean_nn_std__s,flow,0.5066222946937146,0.3652493237282211,0.5952903116993741,0.5593272486535484
audio_bio__voc_mech_ratio_std__s,audio_bio,0.4921145414236791,0.9262250125375449,0.36675809515704183,0.18336051657645058
audio_bio__band_high_frac_p10__s,audio_bio,0.48725532871676397,0.04761820182876767,0.025905263808288368,1.3882425205132358
audio_bio__band_mid_frac_std__m,audio_bio,0.48542105303691385,0.8764275211792992,0.4343074733843679,0.14552816454707432
yolo__nn_dist_mean_mean__m,yolo,0.481399244482005,0.5080293033012924,0.6563225274133443,0.2798459027313783
yolo__speed_bl_per_s_p90__m,yolo,0.43165127005061077,0.6290047909621075,0.6077073671709198,0.05824165201880515
audio_bio__band_mid_frac_p90__s,audio_bio,0.4202646174526374,0.596054706062237,0.29378082894076185,0.3709583173549133
yolo__bird_count_std__s,yolo,0.40944151608609824,0.372539967214645,0.48483265219654487,0.37095192884710493
morph__bbox_h_skew__m,morph,0.38026276471804393,0.36952542936153715,0.2363544055822022,0.5349084592103925
audio_bio__band_voc_frac_p90__s,audio_bio,0.3773923784473103,0.3168097704325337,0.5462852491178546,0.26908211579154245
morph__area_p90__s,morph,0.37062867459803267,0.180078144074838,0.37275691107356845,0.5590509686456914
audio_bio__band_voc_frac_std__s,audio_bio,0.37053525426359385,0.4135588199876651,0.4131089235758656,0.2849380192272509
yolo__speed_bl_per_s_max__m,yolo,0.36473621035528075,0.37836037556317886,0.469800258932637,0.24604799657002643
flow__flow_kurt_p50__s,flow,0.34021666372450254,0.2434252901368747,0.37047186686262146,0.4067528341740114
morph__bbox_w_p50_rel__m,morph,0.33892489627489697,0.5202251834083845,0.228612455512484,0.2679370499038225
yolo__spatial_spread_mean__m,yolo,0.3339440575408849,0.14568132398589675,0.35993947718753844,0.4962113714492194
audio_equip__band_high_db_mean__m,audio_equip,0.32159662200524713,0.02292089117305403,0.9137580407246022,0.028110934118085188
morph__bbox_h_iqr_rel__m,morph,0.3152429893370548,0.8914659182599727,0.020346393218285852,0.033916656532905855
yolo__bird_count_std__m,yolo,0.30842969968939155,0.18850131533877076,0.503676926910667,0.23311085681873672
morph__area_p50__s,morph,0.30476329944199965,0.3911233168189827,0.3426574343936039,0.18050914711341234
morph__bbox_h_std__s,morph,0.2903604691122506,0.5190315400637301,0.31181004412252195,0.040239823150499884
flow__flow_skew_std__m,flow,0.27275917617027867,0.15715252356938061,0.45815214026468726,0.20297286467676814
morph__bbox_h_p90_rel__s,morph,0.2601089861965371,0.12621674126721738,0.3729256482809366,0.28118456904145733
flow__activity_per_occ_std__s,flow,0.22944139353219126,0.1829297689309235,0.3201736856099533,0.18522072605569698
morph__bbox_h_p90__s,morph,0.22508486755632406,0.16163099390366562,0.11878959856948394,0.39483401019582265
morph__n_det_sampled__s,morph,0.22489229865211477,0.14304126623261373,0.1640946925395095,0.3675409371842211
audio_equip__band_high_db_p50__m,audio_equip,0.2247723626927527,0.12285924825574594,0.4324348176698476,0.11902302215266457
audio_bio__zero_crossing_rate_p90__m,audio_bio,0.20859235318003974,0.04441864723083686,0.02223038580968643,0.5591280264995959
audio_bio__voc_mech_ratio_p90__s,audio_bio,0.20745264697992993,0.04053884632922315,0.5282128754005057,0.053606219210060986
hour_cos,time/flags,0.2062876234475265,0.467753780619357,0.024318744476418103,0.12679034524680435
morph__bbox_h_mean_rel__m,morph,0.20338745250411847,0.28701665601409704,0.06732437478530044,0.2558213267129578
audio_equip__band_voc_db_p90__m,audio_equip,0.20111210147052413,0.11732329448613052,0.3523660734254454,0.13364693649999645
flow__wall_frac_mean__m,flow,0.20063538096579325,0.35956860879208663,0.04160461892427214,0.200732915181021
audio_equip__band_mid_db_p90__m,audio_equip,0.19685102069977467,0.13042555037874642,0.2092156930541504,0.2509118186664272
morph__bbox_h_mean_rel__s,morph,0.19282433918844633,0.17346443749330231,0.2892021560733723,0.11580642399866432
audio_bio__spectral_rolloff_p10__m,audio_bio,0.1906513201035008,0.4744046293819099,0.04490634620348774,0.052642984725104716
morph__bbox_h_std_rel__s,morph,0.18935398642199205,0.2452707963952963,0.24087160058396115,0.08191956228671864
audio_bio__voc_mech_ratio_p10__s,audio_bio,0.18503187814129887,0.17148635271162554,0.09052148955106842,0.2930877921612026
audio_equip__rms_p50__m,audio_equip,0.18000801455191118,0.20678044945430166,0.2228628813233873,0.11038071287804463
yolo__frames_processed__s,yolo,0.1782937513797811,0.17642345704950024,0.08991585056172102,0.26854194652812197
yolo__median_track_length_s__s,yolo,0.17788851958650378,0.21284054798839747,0.2729941655870148,0.047830845184099115
audio_equip__band_voc_db_std__s,audio_equip,0.17540555757037116,0.0953986180891511,0.33775078098553685,0.09306727363642557
flow__flow_kurt_mean__s,flow,0.1747963268252157,0.11768018098665341,0.09677864959878758,0.3099301498902061
flow__moving_frac_p50__s,flow,0.1733676760036145,0.11970243347510386,0.18308158919748424,0.21731900533825546
yolo__speed_bl_per_s_p90_over_median_ratio__s,yolo,0.17047476177710177,0.09800305474775517,0.2928162655002989,0.12060496508325133
flow__flow_var_p50__s,flow,0.16809867130916623,0.10913190782563392,0.19269277790968267,0.2024713281921821
audio_equip__band_high_db_p90__m,audio_equip,0.16777527262160777,0.07450180663653605,0.3921116235029978,0.0367123877252895
audio_bio__band_high_frac_p50__s,audio_bio,0.1666631757006418,0.03758654510194879,0.02530531960359858,0.437097662396378
flow__activity_per_occ_p50__m,flow,0.16648886629132806,0.17213433818611149,0.11182697949219937,0.21550528119567336
morph__bbox_h_mean__s,morph,0.16270329188198265,0.18356649731574765,0.1363187381749715,0.16822464015522887
yolo__speed_bl_per_s_std__s,yolo,0.15790974525755183,0.05768231452705773,0.36536031733234103,0.050686603913256766
yolo__nn_dist_min_mean__s,yolo,0.15773728510029203,0.17834018123069065,0.15382415702255953,0.14104751704762591
audio_bio__zero_crossing_rate_p10__m,audio_bio,0.15582942830876448,0.07660975175212276,0.11784598707981796,0.27303254609435273
morph__area_p50_rel__s,morph,0.1550893302598366,0.041129016914193565,0.16191750006023306,0.26222147380508315
yolo__speed_bl_per_s_p90__s,yolo,0.15325036139647427,0.019683329057294537,0.09061296343503235,0.34945479169709587
audio_equip__band_voc_db_mean__m,audio_equip,0.14878401539152794,0.048907840383883815,0.13517826294207855,0.2622659428486214
audio_bio__band_voc_frac_mean__s,audio_bio,0.14585223530890956,0.08946414927816136,0.06629671630464938,0.28179584034391797
morph__n_det_sampled__m,morph,0.14416794043670222,0.11666937382982621,0.18321867206751186,0.13261577541276862
audio_bio__band_fan_frac_p90__m,audio_bio,0.1414642192264532,0.34757040570831443,0.0460254359358641,0.030796816035181054
yolo__n_tracks__m,yolo,0.13764553703569374,0.12459381137518719,0.2379080010898566,0.050434798642037405
audio_bio__spectral_flux_p10__m,audio_bio,0.13658791492598946,0.24672091002772314,0.025064344949417762,0.13797848980082744
audio_bio__band_voc_frac_p10__m,audio_bio,0.13192368606289093,0.09439638365593367,0.18370437518616786,0.11767029934657122
audio_bio__band_mid_frac_p10__m,audio_bio,0.1315462885939033,0.3021804896619628,0.04485185571575388,0.04760652040399325
audio_bio__voc_mech_ratio_p10__m,audio_bio,0.13131519486211796,0.0202888168648559,0.24715872509641149,0.1264980426250865
flow__huddle_index_mean__m,flow,0.13122706036535517,0.3231139046571807,0.059189985238214324,0.011377291200670492
audio_bio__spectral_rolloff_p10__s,audio_bio,0.13045471053338328,0.09056527736040082,0.007938614029205631,0.2928602402105434
audio_bio__spectral_rolloff_mean__m,audio_bio,0.13021355772130846,0.010671459076672253,0.023180721860252614,0.3567884922270005
audio_bio__voc_mech_ratio_p50__s,audio_bio,0.12500781531949887,0.030852937137058146,0.1154327185936361,0.2287377902278023
audio_equip__band_fan_db_std__s,audio_equip,0.12273763551517546,0.12184807411181375,0.07030641665830258,0.17605841577541004
audio_bio__spectral_flux_p90__m,audio_bio,0.12226972374695715,0.23996931062876514,0.11993561464329201,0.006904245968814295
audio_bio__spectral_flux_p50__m,audio_bio,0.12142388513325407,0.3087249950120683,0.02757409009409685,0.027972570293597055
audio_bio__voc_mech_ratio_mean__s,audio_bio,0.12104942905175888,0.09452419480857302,0.06427124254017735,0.20435284980652627
morph__det_conf_mean__s,morph,0.12007264185198845,0.10420660217786357,0.054268098555709215,0.20174322482239254
yolo__frac_speed_valid__s,yolo,0.11972902379841283,0.13445272590492163,0.17564512040247904,0.04908922508783781
flow__flow_kurt_std__s,flow,0.11697228240450218,0.08041551419499793,0.11408659819063009,0.15641473482787852
morph__bbox_h_iqr__m,morph,0.11503596031484557,0.20753315214116932,0.039621534299927444,0.09795319450343991
flow__center_frac_mean__m,flow,0.11399019336316597,0.2404035982855898,0.010123801829828832,0.09144317997407932
flow__flow_mean_mean__s,flow,0.11273724157104976,0.20777695374150337,0.08107194283094112,0.04936282814070483
flow__huddle_index_std__m,flow,0.11093222251493168,0.0700192677873716,0.20802305719727898,0.054754342560144435
flow__activity_per_occ_p50__s,flow,0.11081446949292995,0.11573563529665148,0.17473760434504243,0.04197016883709593
yolo__bird_count_mean__s,yolo,0.11039825984413702,0.07107577351337462,0.11722881048353186,0.14289019553550455
flow__moving_frac_std__m,flow,0.10890096228889401,0.09639786463934337,0.08393179756472571,0.14637322466261296
audio_bio__band_mid_frac_mean__s,audio_bio,0.10824425123752339,0.10348842947537593,0.10780078211615787,0.11344354212103636
morph__aspect_p50__s,morph,0.10806494076370173,0.18236281684755834,0.06262449937253911,0.07920750607100771
yolo__n_tracks__s,yolo,0.10802596755492729,0.07706330998132686,0.013574938825213559,0.23343965385824142
audio_equip__band_high_db_std__m,audio_equip,0.10688352998676666,0.048792732618042525,0.2405124944814244,0.03134536286083307
flow__activity_per_occ_mean__s,flow,0.10659906599023639,0.07545863203227915,0.08569803217966837,0.15864053375876166
morph__area_p90_rel__s,morph,0.10596795220789113,0.062021483130027456,0.2169563934198549,0.03892598007379101
flow__spatial_entropy_p50__s,flow,0.10590902025265274,0.06684435997269181,0.07661239633423489,0.17427030445103153
audio_bio__band_fan_frac_p50__m,audio_bio,0.10574670544527748,0.22827558580362572,0.043109494153895166,0.045855036378311544
flow__center_frac_p50__m,flow,0.10556343616174713,0.24904398360186508,0.02958882458073445,0.038057500302641836
audio_equip__band_mid_db_p90__s,audio_equip,0.10534848398011452,0.09925967204909962,0.11895403009601338,0.09783174979523054
audio_bio__spectral_centroid_p90__s,audio_bio,0.10447417062329445,0.06708945873354287,0.04936925209292747,0.19696380104341304
flow__spread_y_p50__m,flow,0.10228357668004724,0.19359709001931114,0.026429050278969093,0.0868245897418615
yolo__speed_bl_per_s_mean__s,yolo,0.10122989738910332,0.07908786648267932,0.14759945542053454,0.0770023702640961
flow__spatial_entropy_std__s,flow,0.10062757356146618,0.16594334636096333,0.09504724510453148,0.04089212921890371
flow__occupancy_frac_p50__m,flow,0.09966096517288453,0.03080623177006051,0.08068969225372234,0.18748697149487076
morph__bbox_h_std_rel__m,morph,0.09901536071696641,0.14634507324380872,0.022637272804432926,0.12806373610265762
flow__flow_var_std__s,flow,0.0987359709049981,0.218578471254771,0.06093290430049382,0.016696537159729477
audio_bio__zero_crossing_rate_std__s,audio_bio,0.09873216222595517,0.05288950644829493,0.1694930214884193,0.0738139587411513
audio_equip__band_voc_db_p50__s,audio_equip,0.09806775052347465,0.045427803116269976,0.11455671899575305,0.1342187294584009
audio_bio__spectral_flux_std__m,audio_bio,0.09592566780310179,0.021641180539708312,0.2142439789703149,0.05189184389928211
audio_bio__zero_crossing_rate_mean__m,audio_bio,0.09319156892775171,0.09634727111509632,0.0634617992382081,0.1197656364299507
flow__flow_var_mean__m,flow,0.09255694320282304,0.04533467592005726,0.1319718070764452,0.10036434661196664
yolo__speed_bl_per_s_mean__m,yolo,0.09173184730059934,0.1065050703844089,0.03952298161078302,0.1291674899066061
audio_bio__band_fan_frac_std__s,audio_bio,0.09149744098009188,0.09620611966050643,0.06922497055309308,0.10906123272667614
flow__flow_p90_mean__s,flow,0.09087887705136229,0.1619386558505578,0.043710638531605665,0.06698733677192338
flow__disp_std_nn_std__m,flow,0.09037050320707135,0.14095584758336535,0.022258569899244133,0.10789709213860459
audio_bio__band_fan_frac_p90__s,audio_bio,0.0900004613271483,0.07313392910743438,0.0818282324891375,0.11503922238487303
audio_equip__band_voc_db_p50__m,audio_equip,0.08989331914305576,0.03883834554447214,0.15681656724797605,0.07402504463671913
flow__flow_var_mean__s,flow,0.08903417503689044,0.1935481294842112,0.02911483486235608,0.044439560764104026
audio_bio__spectral_flux_p10__s,audio_bio,0.08736558200407347,0.10063724759460543,0.06979437497290697,0.09166512344470802
audio_bio__band_mid_frac_p10__s,audio_bio,0.08708050234946763,0.05727924090166617,0.027948989569627183,0.1760132765771095
flow__spread_x_std__s,flow,0.08690106737648734,0.1455708975914242,0.04632196023002601,0.0688103443080118
flow__moving_frac_std__s,flow,0.08656097475928341,0.05629575936430139,0.08525175543882257,0.11813540947472627
flow__spread_x_p50__s,flow,0.08623169790350467,0.183428391494786,0.05270470196662965,0.022562000249098414
audio_bio__band_voc_frac_p10__s,audio_bio,0.08564097690833866,0.031986994732886555,0.10664593267195813,0.1182900033201713
audio_bio__zero_crossing_rate_mean__s,audio_bio,0.08502028612039501,0.02049278203400848,0.1302190518500969,0.10434902447707962
morph__bbox_h_std__m,morph,0.08501759805343673,0.046044640572738736,0.14658147070199215,0.062426682885579274
yolo__spatial_spread_mean__s,yolo,0.0846841129323645,0.16260983964768258,0.042276975919971,0.049165523229439935
flow__spread_y_std__s,flow,0.08405256557019992,0.08007807758163168,0.06646981585968313,0.10560980326928496
morph__bbox_h_p10_rel__s,morph,0.08374726781930873,0.027608939850029112,0.20301618167562968,0.020616681932267386
yolo__n_high_activity_subwindows__m,yolo,0.08276456573148824,0.08065910558921202,0.1206019307422638,0.047032660862988906
yolo__speed_bl_per_s_std__m,yolo,0.08252931936932749,0.07046389305741908,0.08809525195459693,0.08902881309596643
audio_bio__spectral_flux_p50__s,audio_bio,0.08236511793693788,0.0941102993165267,0.01759825181138633,0.1353868026829006
flow__disp_mean_nn_p50__m,flow,0.08207453436414776,0.1555637909570486,0.07095036319739532,0.019709448937999367
yolo__frac_dark_frames__s,yolo,0.08115713548607754,0.07212792261236142,0.12805520462385964,0.043288279222011554
flow__spread_x_mean__s,flow,0.08066861580893052,0.060225320311883185,0.10806936021171361,0.07371116690319475
audio_equip__rms_p10__s,audio_equip,0.0802957468041175,0.1737076279342055,0.051163311997149206,0.016016300480997794
yolo__speed_bl_per_s_max__s,yolo,0.07994208417976538,0.07494181857731315,0.040153465774987636,0.12473096818699535
audio_equip__rms_p50__s,audio_equip,0.07992056709750649,0.07830083665589344,0.10938726559642782,0.05207359904019822
yolo__frames_processed__m,yolo,0.07979574056558199,0.11332475446945789,0.0792488413800093,0.04681362584727875
audio_bio__zero_crossing_rate_std__m,audio_bio,0.07942896708165297,0.11558303198327609,0.0505111577184228,0.07219271154326
audio_bio__band_high_frac_p90__s,audio_bio,0.0792923966097633,0.0427902707583439,0.0324776199804239,0.16260929909052207
morph__bbox_h_p50__m,morph,0.07840503759847679,0.10873921602566514,0.04940256057650215,0.07707333619326312
audio_bio__band_voc_frac_std__m,audio_bio,0.07544770401602717,0.1512125504812075,0.013630977846673945,0.06149958372020005
audio_equip__band_mid_db_std__m,audio_equip,0.07347501779973316,0.1336992726646143,0.05726364958841495,0.029462131146170228
audio_bio__voc_mech_ratio_p50__m,audio_bio,0.07338055364650518,0.036453060148523925,0.012981951389455291,0.17070664940153635
flow__occupancy_frac_std__s,flow,0.0730153622162894,0.03474977575228918,0.09497294582746132,0.0893233650691177
flow__occupancy_frac_p50__s,flow,0.07234857324733997,0.04392815430294782,0.08695348774319381,0.0861640776958783
audio_bio__band_voc_frac_p50__m,audio_bio,0.07224174173358011,0.07612574851992503,0.12238158423226356,0.018217892448551747
audio_bio__voc_mech_ratio_std__m,audio_bio,0.07188346155708657,0.08660881650191088,0.011624675309791136,0.11741689285955766
yolo__frac_dark_frames__m,yolo,0.07147992714476618,0.061800075546631895,0.06803982287064941,0.08459988301701722
flow__occupancy_centroids_mean__s,flow,0.07104654585461251,0.0686178143242077,0.10423542528887211,0.04028639795075771
flow__disp_mean_nn_mean__m,flow,0.06948817983959928,0.004851157335466912,0.09649389843471515,0.1071194837486158
audio_bio__band_fan_frac_p10__m,audio_bio,0.06946606590556474,0.03669416169390766,0.0873817738749636,0.08432226214782296
flow__disp_mean_nn_p50__s,flow,0.06880509337374742,0.1420971868742355,0.05790755723713849,0.006410536009868251
flow__spread_x_std__m,flow,0.06816911387918587,0.062204461850858005,0.05059216880845567,0.09171071097824392
audio_equip__band_fan_db_p50__s,audio_equip,0.0674829241548578,0.031819944966510944,0.1336918777972354,0.03693694970082707
audio_equip__band_high_db_mean__s,audio_equip,0.06683975273747624,0.04938736718521464,0.05226209484276074,0.09886979618445335
audio_equip__band_high_db_p10__m,audio_equip,0.06613912918899707,0.04630834947028306,0.08182844199156412,0.07028059610514405
audio_equip__rms_std__s,audio_equip,0.06551611324294845,0.12519254166429872,0.04545715960223257,0.025898638462314067
morph__bbox_h_skew__s,morph,0.06534906913866212,0.027689184103272594,0.09882687552349932,0.06953114778921443
morph__bbox_h_p50_rel__m,morph,0.06503312876391502,0.06024794526278829,0.09413739315795014,0.040714047871006666
audio_bio__spectral_flux_std__s,audio_bio,0.06496477075053948,0.05853581213469535,0.07039742967315019,0.0659610704437729
audio_bio__zero_crossing_rate_p90__s,audio_bio,0.06493217611967146,0.0830003662743773,0.03623191752384079,0.07556424456079629
audio_equip__band_mid_db_p10__m,audio_equip,0.0642141231135024,0.017268350653280366,0.09860525632957035,0.07676876235765649
audio_equip__band_high_db_std__s,audio_equip,0.0636540631450833,0.03382785094243827,0.09541885945648967,0.061715479036321935
audio_equip__rms_std__m,audio_equip,0.06357012801734059,0.027635630352920704,0.058602939650283126,0.10447181404881793
morph__bbox_h_iqr__s,morph,0.06307057463199457,0.06931817633284634,0.03969286769160689,0.08020067987153048
morph__bbox_h_p10__s,morph,0.06257952780580174,0.017141795919612932,0.05787488698557659,0.11272190051221573
morph__bbox_w_p50__s,morph,0.06222623853173615,0.03346086458982679,0.10009917681965566,0.053118674185726016
flow__wall_frac_std__m,flow,0.06198662565699108,0.03993472932950703,0.04966730707991587,0.09635784056155035
flow__spread_y_mean__s,flow,0.06197568015953753,0.10355330171312738,0.052274642486861006,0.0300990962786242
flow__disp_std_nn_p50__m,flow,0.06168889358205598,0.06530564079858978,0.10383296742768713,0.015928072519891034
audio_equip__rms_p90__s,audio_equip,0.06143153178414253,0.12337374080757946,0.02962988066775268,0.03129097387709545
audio_equip__band_voc_db_p10__s,audio_equip,0.06089982991509577,0.05611598675976601,0.08064912559177168,0.04593437739374963
audio_bio__spectral_rolloff_p90__s,audio_bio,0.05956968589761125,0.03406696014959992,0.10163809008584024,0.04300400745739361
audio_bio__spectral_rolloff_std__s,audio_bio,0.059036067480965015,0.09276149485588886,0.040261826663477614,0.04408488092352858
audio_equip__band_high_db_p10__s,audio_equip,0.058970047426787464,0.02005464241233074,0.1318561828938909,0.024999316974140758
audio_bio__voc_mech_ratio_mean__m,audio_bio,0.0584258712305255,0.01899593297572242,0.04458401173805031,0.11169766897780377
audio_equip__band_fan_db_p90__m,audio_equip,0.05812829781932973,0.013219418658598823,0.09134460375143907,0.0698208710479513
audio_bio__spectral_bandwidth_std__m,audio_bio,0.05796226714347515,0.08073056579915086,0.03624064027826962,0.05691559535300496
audio_equip__band_fan_db_mean__m,audio_equip,0.05789204102885893,0.079418027045491,0.08234888739624772,0.011909208644838055
audio_bio__band_voc_frac_p50__s,audio_bio,0.057815199432516784,0.023508936153142136,0.11667315479439384,0.03326350735001439
flow__center_frac_p50__s,flow,0.05757103188151271,0.13022854034592107,0.03352538815370294,0.008959167144914121
audio_bio__spectral_bandwidth_p10__m,audio_bio,0.056226340718029844,0.027759015654893554,0.04445816103389432,0.09646184546530166
audio_bio__band_high_frac_std__s,audio_bio,0.056030503537759103,0.03133795634374996,0.08659973839574121,0.050153815873786145
flow__wall_frac_p50__s,flow,0.05575461991991019,0.10936430800161306,0.039966041446106014,0.01793351031201148
flow__spread_y_p50__s,flow,0.05445438299345043,0.02435217224511283,0.047195853217567627,0.09181512351767082
audio_equip__rms_mean__m,audio_equip,0.05354422728707806,0.08797567287347473,0.03838224405270646,0.03427476493505301
audio_bio__band_mid_frac_p50__s,audio_bio,0.052965263534516215,0.08534607127001435,0.00968972841724162,0.06385999091629264
audio_equip__band_voc_db_p90__s,audio_equip,0.052580452754339056,0.08959356012049337,0.03008204520921718,0.0380657529333066
flow__disp_std_nn_mean__s,flow,0.05256593371068486,0.04407661891539863,0.051368222950868674,0.062252959265787285
flow__moving_frac_mean__s,flow,0.052263628468681274,0.02993586081542806,0.07773379458295897,0.04912123000765679
audio_equip__band_voc_db_std__m,audio_equip,0.051663647085721305,0.09572536248038806,0.04534429138201416,0.013921287394761705
audio_bio__spectral_rolloff_p50__m,audio_bio,0.05123430614569483,0.07686374687153405,0.0338064348923734,0.04303273667317705
audio_equip__band_high_db_p50__s,audio_equip,0.05106146645171142,0.01939094596320831,0.11366426471914652,0.020129188672779425
audio_bio__spectral_bandwidth_p90__m,audio_bio,0.050390095224197136,0.06554660552912837,0.04428006078867407,0.04134361935478897
audio_bio__zero_crossing_rate_p50__m,audio_bio,0.05005994352998841,0.04376373684663082,0.01604958842246169,0.09036650532087272
audio_bio__spectral_bandwidth_std__s,audio_bio,0.050053869700827695,0.06201520469020178,0.05772884626820328,0.030417558144078025
morph__bbox_h_p50__s,morph,0.05004382428329588,0.05469150388171033,0.05932961754295224,0.03611035142522509
flow__disp_mean_nn_mean__s,flow,0.0498127297817344,0.09513802681166957,0.036792635716835484,0.017507526816698146
morph__bbox_h_p50_rel__s,morph,0.04965510002581989,0.017221064954531826,0.05363099188234322,0.0781132432405846
flow__flow_skew_std__s,flow,0.04892271554219726,0.02672621680815801,0.06738354482805381,0.05265838499037993
audio_bio__band_high_frac_p10__m,audio_bio,0.04880503439245839,0.01567370545144875,0.02076616963247473,0.10997522809345167
audio_equip__band_mid_db_std__s,audio_equip,0.048343773824353585,0.01911840447032598,0.04777669299142543,0.07813622401130933
audio_bio__band_voc_frac_mean__m,audio_bio,0.04750201582558781,0.00502771094638701,0.016652272136153917,0.12082606439422251
flow__spatial_entropy_mean__s,flow,0.046600844268963514,0.0316483952700867,0.039395821202752236,0.0687583163340516
morph__bbox_h_iqr_rel__s,morph,0.045525445378702456,0.045967688602654266,0.06019776145572676,0.030410886077726358
audio_equip__band_fan_db_p90__s,audio_equip,0.045157069320349526,0.016498207364474084,0.047094331749343035,0.07187866884723146
morph__aspect_iqr__s,morph,0.04501301546306256,0.07017697639259093,0.024145256136914,0.04071681385968275
audio_bio__spectral_flux_mean__s,audio_bio,0.044983530897163386,0.08764148321866394,0.020986180617284175,0.02632292885554203
audio_equip__band_mid_db_p50__s,audio_equip,0.04395648327576599,0.03186698134380999,0.06600323205138196,0.03399923643210601
audio_bio__voc_mech_ratio_p90__m,audio_bio,0.043147124269218566,0.032397289215853976,0.014543305400093593,0.08250077819170812
audio_bio__band_high_frac_mean__s,audio_bio,0.04307703874536467,0.006855779084929934,0.011904295500579422,0.11047104165058465
audio_equip__band_mid_db_p50__m,audio_equip,0.04300965823200633,0.07475037865114116,0.0349660255406145,0.019312570504263313
flow__flow_mean_p50__s,flow,0.042956614938765965,0.03299296191999095,0.03977478871361109,0.056102094182695864
audio_bio__band_mid_frac_mean__m,audio_bio,0.0428891558123409,0.06284176823442693,0.032319300674468886,0.033506398528126896
flow__occupancy_centroids_std__s,flow,0.04287698184089537,0.04377344080836033,0.04124482054881334,0.04361268416551244
flow__wall_frac_std__s,flow,0.042227762114440494,0.028123131227882722,0.04818244862831952,0.050377706487119256
audio_bio__spectral_centroid_p10__m,audio_bio,0.04203236785092135,0.00543430540975665,0.0863134888048514,0.034349309338155984
flow__spread_y_mean__m,flow,0.0417969643083043,0.03172573189821162,0.05784650008462325,0.03581866094207802
flow__flow_skew_p50__s,flow,0.0415906320784585,0.029058805797562356,0.05448056876655693,0.041232521671256205
audio_equip__band_high_db_p90__s,audio_equip,0.04155300309390338,0.030822599818579106,0.031100137837476963,0.06273627162565407
morph__bbox_w_p50_rel__s,morph,0.04086548766605431,0.08252916141669367,0.02213623078548804,0.01793107079598122
audio_bio__band_high_frac_std__m,audio_bio,0.04079132596749041,0.049202439431739325,0.04753282835197533,0.025638710118756573
flow__disp_std_nn_std__s,flow,0.040656939651744974,0.04373343011137787,0.058262328747794336,0.01997506009606271
flow__huddle_index_std__s,flow,0.04046746563432038,0.06303003182306934,0.028773766952919545,0.029598598126972266
yolo__nn_dist_mean_mean__s,yolo,0.040407433984283835,0.04337585888579506,0.04050740571874523,0.03733903734831122
audio_equip__band_mid_db_mean__s,audio_equip,0.039952759145692164,0.05085164329187578,0.035731541810285344,0.033275092334915365
audio_bio__band_fan_frac_std__m,audio_bio,0.0395968360689262,0.0472773796117843,0.017526430851188067,0.053986697743806246
flow__flow_mean_std__s,flow,0.03874548714016019,0.06476541345696907,0.035453795384931305,0.01601725257858019
flow__huddle_index_p50__s,flow,0.03874497638426801,0.06991927208334339,0.016123687022520254,0.030191970046940374
flow__spread_x_p50__m,flow,0.038515025100884094,0.012256554122704565,0.0063053430638009686,0.09698317811614676
flow__flow_kurt_std__m,flow,0.03828416389192061,0.012126302933853784,0.04420248326189088,0.05852370548001717
audio_bio__spectral_flux_p90__s,audio_bio,0.03821648428404106,0.030586899872321008,0.031325820280197654,0.05273673269960452
audio_equip__band_voc_db_mean__s,audio_equip,0.03806667214394221,0.010687971698324448,0.05412583019610833,0.049386214537393835
flow__spatial_entropy_p50__m,flow,0.03798575177422449,0.01841802292103077,0.02973556871979378,0.06580366368184891
audio_bio__band_mid_frac_p50__m,audio_bio,0.037702401345763935,0.06021057128094245,0.020355114418688276,0.03254151833766108
audio_bio__band_mid_frac_p90__m,audio_bio,0.03726247376939281,0.01970882056005299,0.023257480781890102,0.06882111996623534
flow__wall_frac_p50__m,flow,0.03657052185443485,0.005463549062933576,0.028787920107835333,0.07546009639253565
audio_bio__spectral_flux_mean__m,audio_bio,0.03653833137471797,0.030596216225982863,0.046121099240679794,0.032897678657491256
audio_bio__spectral_bandwidth_p90__s,audio_bio,0.03613248258849656,0.030654335084924895,0.00960668813816475,0.06813642454240003
audio_equip__band_mid_db_mean__m,audio_equip,0.03596038489760487,0.04265107628705449,0.036249334519697356,0.028980743886062758
audio_equip__rms_mean__s,audio_equip,0.03569613773585249,0.08155302733281525,0.008730177343863041,0.016805208530879193
flow__occupancy_centroids_mean__m,flow,0.035167790719815954,0.014337051078271691,0.04774205056629603,0.04342427051488013
audio_equip__band_fan_db_std__m,audio_equip,0.03502335382053841,0.04227534400597734,0.04149968117994312,0.021295036275694765
flow__disp_std_nn_mean__m,flow,0.033981070592575637,0.008038046925705054,0.067391608345893,0.026513556506128844
audio_equip__band_fan_db_p10__m,audio_equip,0.03397937089160904,0.008377701590920477,0.02025105208258081,0.07330935900132583
audio_bio__spectral_centroid_std__s,audio_bio,0.03335397667473256,0.04252451680462617,0.033514820251477735,0.024022592968093774
audio_equip__band_fan_db_p10__s,audio_equip,0.03304509422037527,0.037451028160415,0.037592941937987144,0.024091312562723663
flow__occupancy_frac_mean__m,flow,0.03270273085540074,0.07225579505912517,0.0075148628881992665,0.01833753461887779
audio_bio__band_fan_frac_mean__m,audio_bio,0.03227549339870948,0.02808334839212199,0.04601063891234103,0.022732492891665408
flow__flow_skew_mean__s,flow,0.032014956216854906,0.03233581008452659,0.038108382962475755,0.02560067560356237
flow__activity_per_occ_std__m,flow,0.03190708575071129,0.02584838559683863,0.00849263586204502,0.061380235793250235
audio_equip__band_mid_db_p10__s,audio_equip,0.03159442302732547,0.03321470878460162,0.03980279294786717,0.02176576734950762
flow__activity_per_occ_mean__m,flow,0.03142487077187045,0.014913881363749519,0.04341155722123692,0.035949173730624916
flow__occupancy_frac_mean__s,flow,0.031208013605074792,0.009537827502840435,0.020668994640441012,0.06341721867194293
audio_bio__band_high_frac_p90__m,audio_bio,0.030999925416686298,0.07025587974229003,0.00984964723471495,0.012894249273053916
audio_bio__band_fan_frac_p50__s,audio_bio,0.0305852033904578,0.02945003077315464,0.021253802892219942,0.04105177650599882
flow__huddle_index_p50__m,flow,0.030570053088140082,0.07192381340804084,0.005082219510098255,0.014704126346281161
audio_bio__band_high_frac_p50__m,audio_bio,0.03011727671186772,0.05342343408929116,0.008640664311853629,0.028287731734458383
flow__spatial_entropy_mean__m,flow,0.029967048588672846,0.0686272438713907,0.013752926549309305,0.007520975345318535
audio_bio__zero_crossing_rate_p50__s,audio_bio,0.029512529646142305,0.03731920100885435,0.02034054243098764,0.030877845498584935
flow__occupancy_centroids_p50__s,flow,0.02917020813334407,0.02421487551826732,0.023859753029604122,0.03943599585216077
flow__spatial_entropy_std__m,flow,0.028965086000028617,0.029162861842946145,0.014393224193091183,0.043339171964048524
flow__disp_std_nn_p50__s,flow,0.028852049214682648,0.021238447876172007,0.02507794293083897,0.04023975683703696
audio_bio__spectral_rolloff_p50__s,audio_bio,0.028066107633297383,0.03044431319417139,0.013412157227945401,0.04034185247777536
audio_bio__spectral_centroid_p50__s,audio_bio,0.027970352521989122,0.026854022082404297,0.015065581849377067,0.04199145363418601
audio_bio__spectral_rolloff_p90__m,audio_bio,0.02752193753203491,0.037977814119643336,0.018864887729073104,0.025723110747388284
flow__occupancy_centroids_std__m,flow,0.027438534815584448,0.01736998518063237,0.012255721972126588,0.05268989729399438
audio_bio__spectral_bandwidth_p50__s,audio_bio,0.026950684893250393,0.016110980096565083,0.026846654653986397,0.037894419929199695
audio_bio__spectral_centroid_std__m,audio_bio,0.026470030138932222,0.06108231017631148,0.0038187903650756523,0.014508989875409542
audio_bio__spectral_bandwidth_mean__s,audio_bio,0.026225219161912436,0.012592574722529512,0.03672986049618535,0.02935322226702244
audio_equip__rms_p90__m,audio_equip,0.026029146947780597,0.01691829304184585,0.00813913802127669,0.05303000978021925
audio_bio__band_voc_frac_p90__m,audio_bio,0.025718903285598105,0.011625258119788822,0.04732827912358756,0.018203172613417935
flow__huddle_index_mean__s,flow,0.025578979578405145,0.014915848344303298,0.023936281087506596,0.03788480930340554
flow__wall_frac_mean__s,flow,0.024398837188476064,0.020864119153097008,0.044522422009204685,0.007809970403126504
flow__spread_y_std__m,flow,0.024093665747717357,0.029522135453472872,0.009405365014775197,0.03335349677490399
audio_bio__spectral_centroid_p10__s,audio_bio,0.023767556643609227,0.03166574015267039,0.01603881948739884,0.023598110290758458
audio_bio__band_fan_frac_mean__s,audio_bio,0.02349674506212214,0.01531092635526611,0.03094984744951001,0.0242294613815903
audio_bio__spectral_rolloff_mean__s,audio_bio,0.02309923668511708,0.023317323091283305,0.009202105786606508,0.036778281177461424
audio_bio__band_fan_frac_p10__s,audio_bio,0.0230169937487521,0.025722199369320256,0.014732102481885563,0.028596679395050492
audio_bio__spectral_bandwidth_mean__m,audio_bio,0.02284223102000883,0.012742181761133398,0.03968516595191069,0.016099345346982392
audio_bio__spectral_centroid_mean__s,audio_bio,0.022648947636930483,0.022621124523096305,0.02724325956495412,0.01808245882274102
audio_bio__spectral_bandwidth_p50__m,audio_bio,0.021745513461795426,0.02821915864484084,0.01032947058398145,0.026687911156563986
flow__flow_mean_p50__m,flow,0.021632197833016325,0.054053462023360775,0.004481602080482171,0.006361529395206029
audio_bio__spectral_bandwidth_p10__s,audio_bio,0.021237119641894838,0.009750923365249466,0.02833483281954614,0.02562560274088891
flow__flow_kurt_p50__m,flow,0.021129210782334346,0.028999338014073475,0.032903990845534914,0.0014843034873946415
flow__center_frac_mean__s,flow,0.020913848981664273,0.01908290796163539,0.01067397492609794,0.03298466405725949
flow__flow_mean_std__m,flow,0.020654613448290796,0.039275102672788754,0.010089535284420421,0.012599202387663211
flow__flow_var_std__m,flow,0.020627527971408766,0.04205722936861451,0.005972130270141413,0.013853224275470373
flow__disp_mean_nn_std__m,flow,0.019999580685549648,0.008708052992798752,0.029604643426256485,0.021686045637593705
audio_bio__zero_crossing_rate_p10__s,audio_bio,0.01864176418402317,0.02469664652429921,0.027130075922342723,0.004098570105427575
audio_bio__spectral_rolloff_std__m,audio_bio,0.018574303796671347,0.028714815200564448,0.015513868782961794,0.0114942274064878
yolo__n_high_activity_subwindows__s,yolo,0.01796670750342673,0.004481382605338313,0.019552576589355414,0.02986616331558646
flow__moving_frac_p50__m,flow,0.017952335704125858,0.0070666319130240395,0.012067718801629688,0.034722656397723844
audio_equip__band_fan_db_mean__s,audio_equip,0.017837645596125624,0.017203692515383957,0.01473168884066082,0.0215775554323321
audio_bio__spectral_centroid_p90__m,audio_bio,0.016443052730457184,0.01362225448165044,0.006505141793626834,0.029201761916094277
audio_bio__spectral_centroid_mean__m,audio_bio,0.015255258022851428,0.008280700523971469,0.005541438280930013,0.0319436352636528
audio_bio__band_high_frac_mean__m,audio_bio,0.015157268282621948,0.01029491367864324,0.02393117977471048,0.011245711394512121
audio_equip__band_fan_db_p50__m,audio_equip,0.015127464875049521,0.010754095723882516,0.028544168018754118,0.006084130882511932
flow__flow_p90_std__s,flow,0.014761630231535339,0.01398200332825008,0.020200038220343625,0.010102849146012317
flow__occupancy_frac_std__m,flow,0.013535566086846354,0.01611745158448697,0.01451970621683634,0.00996954045921575
flow__spread_x_mean__m,flow,0.012576261139621528,0.012331948306542108,0.00991947319138223,0.015477361920940246
flow__flow_p90_std__m,flow,0.012360139053305075,0.009992436727448227,0.022958776691253097,0.004129203741213902
audio_bio__spectral_centroid_p50__m,audio_bio,0.012220835708426567,0.004641115734316077,0.010962682576706675,0.021058708814256945
flow__flow_kurt_mean__m,flow,0.012053018857799516,0.013277153770760422,0.008327090095969372,0.014554812706668753
flow__flow_skew_mean__m,flow,0.011211024250365515,0.017346211948960737,0.00898150697118905,0.007305353830946763
flow__flow_skew_p50__m,flow,0.010641501194214026,0.012349152836915001,0.01477004168380061,0.004805309061926469
flow__occupancy_centroids_p50__m,flow,0.009569524152734472,0.008889387040664547,0.01153906377840571,0.00828012163913316
flow__flow_mean_mean__m,flow,0.00929648248305388,0.01770554687858997,0.009585530208997233,0.0005983703615744377
flow__flow_p90_mean__m,flow,0.009132117603369318,0.00256990646435154,0.01657415823258293,0.008252288113173484
flow__flow_p90_p50__m,flow,0.008869169565035806,0.020824307397670903,0.002032676553612736,0.0037505247438237785
flow__moving_frac_mean__m,flow,0.005753318497927999,0.004192407940346757,0.010075635023528894,0.002991912529908347
obs_flow,time/flags,0.0026765060458386614,0.0,0.0,0.008029518137515984
flow__center_frac_std__m,flow,0.0,0.0,0.0,0.0
flow__center_frac_std__s,flow,0.0,0.0,0.0,0.0
