mode,phase,k_days,median_gap,ci_lo,ci_hi,n_weeks,n_weeks_per_room,n_windows
both,growth (<=70 d),0,-1.334223447446342,-3.6113585180980188,3.9719936301584315,17,6/4/7,83
both,plateau (>70 d),0,-0.9453099257589184,-11.875302466533842,8.17866003954702,50,17/16/17,277
morph_only,growth (<=70 d),3,-3.0865482742404886,-5.697196263066836,1.2871047404339047,15,6/4/5,63
morph_only,growth (<=70 d),5,-4.776748188214875,-9.695296540392752,-0.36273486306998404,13,4/4/5,59
morph_only,growth (<=70 d),7,-3.924401863237984,-11.01867949249369,-1.7015750589804695,13,4/3/6,53
morph_only,growth (<=70 d),10,-9.568998923869716,-13.643755302470128,-7.389713655512624,13,5/3/5,44
morph_only,growth (<=70 d),15,-13.112827057727204,-14.044502395223484,-11.20772046102382,8,2/2/4,32
morph_only,growth (<=70 d),20,-18.04704489775757,-19.654905583006695,-17.29518195602781,9,3/2/4,26
morph_only,plateau (>70 d),3,1.7230353631453421,-9.739700539398012,8.453434166905254,45,15/13/17,238
morph_only,plateau (>70 d),5,-0.4677839199243312,-11.45449308298178,5.870676151191629,46,15/14/17,237
morph_only,plateau (>70 d),7,-4.742989112269299,-12.265516826101587,3.694104170096531,49,16/16/17,237
morph_only,plateau (>70 d),10,-10.171866225966895,-13.966468392726393,1.6696997574568582,48,16/15/17,233
morph_only,plateau (>70 d),15,-13.60509366510188,-15.80963002359426,-8.529627702408758,48,16/15/17,236
morph_only,plateau (>70 d),20,-15.702746473476623,-18.404077963805857,-12.153488936996407,45,14/14/17,228
all_sensor,growth (<=70 d),3,-4.552644632152426,-5.788919882169729,0.6404312174544926,15,6/4/5,63
all_sensor,growth (<=70 d),5,-4.577834834835802,-9.79628676231243,-1.4827044984303943,13,4/4/5,59
all_sensor,growth (<=70 d),7,-6.135346655750448,-10.66595838072187,-3.305870037500105,13,4/3/6,53
all_sensor,growth (<=70 d),10,-8.922083364040056,-13.833455307360346,-7.056243004785779,13,5/3/5,44
all_sensor,growth (<=70 d),15,-14.059401721594528,-14.697671192869244,-11.799268250311291,8,2/2/4,32
all_sensor,growth (<=70 d),20,-20.045638697226387,-20.427049786118747,-17.761320722184486,9,3/2/4,26
all_sensor,plateau (>70 d),3,-1.1300762378153912,-9.827089330957028,7.629000603672332,45,15/13/17,238
all_sensor,plateau (>70 d),5,-2.9831262783467203,-11.497878227162964,6.040231050664291,46,15/14/17,237
all_sensor,plateau (>70 d),7,-6.796858356006275,-13.28334515563745,2.7939212198232255,49,16/16/17,237
all_sensor,plateau (>70 d),10,-11.691258364947261,-15.156118696935378,-0.14511427471509564,48,16/15/17,233
all_sensor,plateau (>70 d),15,-16.432956441669866,-18.457583145175604,-12.694880238151187,48,16/15/17,236
all_sensor,plateau (>70 d),20,-20.340981280101644,-22.962952676845024,-14.909806236704135,45,14/14/17,228
