mode,k,phase,median,std,count
all_sensor,3,growth (<=70 d),-5.788919882169729,4.719798799802936,9
all_sensor,3,plateau (>70 d),-1.2764172232498752,17.796227688462164,36
all_sensor,5,growth (<=70 d),-4.247464006620408,4.721169572151287,8
all_sensor,5,plateau (>70 d),-2.9831262783467203,16.252587737473913,35
all_sensor,7,growth (<=70 d),-7.131314413712992,4.904279435317579,8
all_sensor,7,plateau (>70 d),-6.653617725329615,16.09646813419387,34
all_sensor,10,growth (<=70 d),-10.941399918391069,4.737993762144956,6
all_sensor,10,plateau (>70 d),-10.791195163352505,15.959737884152482,34
all_sensor,15,growth (<=70 d),-14.059401721594528,3.782727597396471,5
all_sensor,15,plateau (>70 d),-16.432956441669866,16.230681154990993,35
all_sensor,20,growth (<=70 d),-20.084530447067046,2.7579733865591294,3
all_sensor,20,plateau (>70 d),-20.304919823452387,15.590529649758757,35
both,0,growth (<=70 d),-1.0066966908940327,4.774620919184087,12
both,0,plateau (>70 d),-2.552562483741191,17.647764071059875,41
morph_only,3,growth (<=70 d),-5.017629642798396,4.461063576070167,9
morph_only,3,plateau (>70 d),-1.2829434585138837,17.40614915509437,36
morph_only,5,growth (<=70 d),-3.6977749812154896,5.119635654434124,8
morph_only,5,plateau (>70 d),-1.1043978122913636,16.284643306032475,35
morph_only,7,growth (<=70 d),-5.3944907315145185,5.450529003969849,8
morph_only,7,plateau (>70 d),-3.903971731461609,16.50830105717222,34
morph_only,10,growth (<=70 d),-11.392058811943116,4.155592583791966,6
morph_only,10,plateau (>70 d),-11.487863436146164,16.47536800910571,34
morph_only,15,growth (<=70 d),-13.49319253295659,3.8905081887881603,5
morph_only,15,plateau (>70 d),-14.789276982900027,17.270113688841363,35
morph_only,20,growth (<=70 d),-18.04704489775757,4.185030034937518,3
morph_only,20,plateau (>70 d),-16.06941632085524,16.597695977017302,35
