model,feature_set,room,MAE,RMSE,R2,n
Bioacoustics,audio_bio_only,room2,25.58697565003874,31.583398413806382,0.4659584591295294,1400
Bioacoustics,audio_bio_only,room6,22.708054242391803,30.475377847702365,0.5029005901784007,1133
Bioacoustics,audio_bio_only,room7,12.787910001587347,16.41205281043414,0.8570917569626002,1719
Audio (bioacoustics + acoustic level),audio_all,room2,26.153653800298468,32.156963595089415,0.44638558390035443,1400
Audio (bioacoustics + acoustic level),audio_all,room6,28.97685496076224,34.80336215875955,0.3516829380668074,1133
Audio (bioacoustics + acoustic level),audio_all,room7,14.167393630027757,18.67097213033175,0.8150453179621484,1719
Morphometry,morph_only,room2,16.625394546802315,21.725188235146067,0.7473121159714646,1400
Morphometry,morph_only,room6,15.531015126454545,20.533725075739195,0.7743265149569603,1133
Morphometry,morph_only,room7,11.573269519500494,16.206113140371418,0.8606557021734791,1719
Spatial behaviour,yolo_motion_only,room2,12.462304953344901,17.198642275512174,0.8416399429460005,1400
Spatial behaviour,yolo_motion_only,room6,24.95305287617695,35.07822171141837,0.3414023342098328,1133
Spatial behaviour,yolo_motion_only,room7,13.254569275899764,19.644678464325146,0.7952512221686778,1719
Optical flow,flow_only,room2,22.50373627129476,26.78087066621085,0.6160216775136397,1400
Optical flow,flow_only,room6,18.187251423118692,24.81994123265034,0.6702790462271738,1133
Optical flow,flow_only,room7,20.0372945328488,26.398005462611472,0.6302793591364704,1719
Video (morphometry + spatial behaviour + optical flow),video_all,room2,13.860373939757496,17.85931740220178,0.8292396508169074,1400
Video (morphometry + spatial behaviour + optical flow),video_all,room6,21.540392359454152,29.533759808024964,0.5331444492586548,1133
Video (morphometry + spatial behaviour + optical flow),video_all,room7,10.97372413151163,16.892057746051574,0.848610211175574,1719
Fused (all modalities),fused,room2,14.971719034808228,18.3780090678531,0.8191767604513337,1400
Fused (all modalities),fused,room6,17.000201489010713,24.17506517442518,0.6871901954623472,1133
Fused (all modalities),fused,room7,11.162228639255597,15.661412590884465,0.8698652355656141,1719
Fused without acoustic level,fused_bio_audio,room2,14.21237017802806,17.761501895662505,0.8311050377712079,1400
Fused without acoustic level,fused_bio_audio,room6,18.932435532097294,26.560664814966895,0.6224078714662431,1133
Fused without acoustic level,fused_bio_audio,room7,11.193603856537143,15.600217663822345,0.8708802179667344,1719
Baseline: global mean,-,room2,37.94365503740065,43.515960766897386,-0.013805109536843663,1400
Baseline: median body height (isotonic),-,room2,24.25837037597001,31.013327607658933,0.47658411868570916,1162
Baseline: audio mid-band fraction (isotonic),-,room2,51.45344639741115,60.01916503579556,-0.9603339480136397,1162
Baseline: spectral centroid (isotonic),-,room2,42.579923840690896,49.49270181467701,-0.33300717614697795,1162
Baseline: global mean,-,room6,38.795562124763514,43.266920217376445,-0.0019752989488215356,1133
Baseline: median body height (isotonic),-,room6,19.418293526038372,25.923774838108802,0.6446990862895514,927
Baseline: audio mid-band fraction (isotonic),-,room6,26.28792686240306,31.835072817695618,0.46418910757588816,927
Baseline: spectral centroid (isotonic),-,room6,38.9708752083694,43.55309141745118,-0.002854243695275205,927
Baseline: global mean,-,room7,37.41751400420786,43.52479538885041,-0.005089982963357054,1719
Baseline: median body height (isotonic),-,room7,15.239617548753765,20.88001741385799,0.767304353862774,1430
Baseline: audio mid-band fraction (isotonic),-,room7,40.54137704853487,51.498191731552275,-0.41550205453097155,1430
Baseline: spectral centroid (isotonic),-,room7,37.876972583472444,45.811566703087706,-0.1201516765258337,1430
Bioacoustics,audio_bio_only,mean of 3 rooms,20.36097996467263,26.15694302398096,0.6086502687568435,4252
Audio (bioacoustics + acoustic level),audio_all,mean of 3 rooms,23.099300797029485,28.54376596139357,0.5377046133097702,4252
Morphometry,morph_only,mean of 3 rooms,14.576559730919117,19.48834215041889,0.7940981110339681,4252
Spatial behaviour,yolo_motion_only,mean of 3 rooms,16.889975701807206,23.973847483751896,0.6594311664415037,4252
Optical flow,flow_only,mean of 3 rooms,20.242760742420753,25.999605787157552,0.6388600276257613,4252
Video (morphometry + spatial behaviour + optical flow),video_all,mean of 3 rooms,15.458163476907758,21.42837831875944,0.7369981037503788,4252
Fused (all modalities),fused,mean of 3 rooms,14.378049721024846,19.40482894438758,0.792077397159765,4252
Fused without acoustic level,fused_bio_audio,mean of 3 rooms,14.779469855554167,19.97412812481725,0.7747977090680619,4252
Baseline: global mean,-,mean of 3 rooms,38.05224372212401,43.43589212437475,-0.006956797149674084,4252
Baseline: median body height (isotonic),-,mean of 3 rooms,19.638760483587383,25.939039953208574,0.6295291862793448,3519
Baseline: audio mid-band fraction (isotonic),-,mean of 3 rooms,39.42758343611636,47.78414319501449,-0.3038822983229077,3519
Baseline: spectral centroid (isotonic),-,mean of 3 rooms,39.809257210844244,46.285786645071965,-0.15200436545602894,3519
