tier,model,fold,MAE,RMSE,R2,n,n_sequences
1,Gradient boosting (reported),holdout_room2,14.971719034808228,18.3780090678531,0.8191767604513337,1400,
1,Gradient boosting (reported),holdout_room6,17.000201489010713,24.17506517442518,0.6871901954623472,1133,
1,Gradient boosting (reported),holdout_room7,11.162228639255597,15.661412590884465,0.8698652355656141,1719,
1,Gradient boosting (no augmentation),holdout_room2,11.460921747187427,15.086139279093755,0.8781533625945104,1400,
1,Gradient boosting (no augmentation),holdout_room6,23.081307560480003,31.28036995319875,0.47629247842123335,1133,
1,Gradient boosting (no augmentation),holdout_room7,10.898495886934148,15.124751125179795,0.8786309527666569,1719,
1,Random forest,holdout_room2,13.151568063697898,17.077031149825018,0.8438715443575595,1400,
1,Random forest,holdout_room6,28.16080018042253,38.119103122878336,0.22226723177038843,1133,
1,Random forest,holdout_room7,11.146881970730313,15.588995334902224,0.8710659209489408,1719,
1,Extremely randomised trees,holdout_room2,12.961637005621698,16.645534834403374,0.851661859513964,1400,
1,Extremely randomised trees,holdout_room6,16.87557830734531,22.32497179093438,0.7332362048629024,1133,
1,Extremely randomised trees,holdout_room7,10.98675485316614,15.900018426395311,0.8658697532255244,1719,
1,Single decision tree,holdout_room2,13.086418646175254,18.286817761248322,0.8209667908205783,1400,
1,Single decision tree,holdout_room6,29.4526349577216,40.70157817974851,0.11331870306333458,1133,
1,Single decision tree,holdout_room7,13.102153100824843,18.444561114562116,0.8195037764364221,1719,
1,Support vector regression (RBF),holdout_room2,30.726196685148363,35.26772330636303,0.33409515861945993,1400,
1,Support vector regression (RBF),holdout_room6,27.04815175159104,30.62136252064055,0.4981267227834659,1133,
1,Support vector regression (RBF),holdout_room7,21.022275057779297,24.65021903146084,0.6776163310573499,1719,
1,k-nearest neighbours (k=15),holdout_room2,16.333418252095537,20.848782369373158,0.7672880343232537,1400,
1,k-nearest neighbours (k=15),holdout_room6,26.344881055131555,36.354446728757,0.2926080246251552,1133,
1,k-nearest neighbours (k=15),holdout_room7,13.187877295317957,18.705408833498378,0.8143624287009903,1719,
1,Elastic net,holdout_room2,13.019988407311853,18.66287763353878,0.8135276088973473,1400,
1,Elastic net,holdout_room6,15.064706008193422,19.551748233184135,0.7953950001725507,1133,
1,Elastic net,holdout_room7,17.698673932553362,23.242494804870837,0.7133862948168601,1719,
1,Ridge regression,holdout_room2,27.16607958245135,31.6610291086109,0.4633299283819723,1400,
1,Ridge regression,holdout_room6,33.934824891282624,126.68357374192145,-7.589851627789489,1133,
1,Ridge regression,holdout_room7,33.69173042096134,41.52467446433205,0.08516253610610569,1719,
1,Neural network (MLP),holdout_room2,53.10023805886434,62.293211260968434,-1.0774891388292342,1400,
1,Neural network (MLP),holdout_room6,52.30287764945515,199.64210078367623,-20.332871241047368,1133,
1,Neural network (MLP),holdout_room7,21.505334688113937,40.56079580813714,0.1271403794519913,1719,
2,Gompertz growth-curve inversion,holdout_room2,44.29382700131604,52.632838271659985,-0.5075222918182414,1162,
2,Gompertz growth-curve inversion,holdout_room6,32.71485926131987,40.90320633324172,0.11546596395047937,927,
2,Gompertz growth-curve inversion,holdout_room7,22.489665235350774,30.3792810424916,0.507414608807714,1430,
2,Ordinal stage classifier,holdout_room2,30.72982142857143,41.50762462229939,0.07761319069075434,1400,
2,Ordinal stage classifier,holdout_room6,21.443071491615182,29.441948558594746,0.5360425542395282,1133,
2,Ordinal stage classifier,holdout_room7,22.86639519100252,30.02437745749771,0.5217230061402947,1719,
2,GRU sequence model (24 h),holdout_room2,26.016624450683594,31.135530582414,0.37268972396850586,391,1199.0
2,GRU sequence model (24 h),holdout_room6,18.432138442993164,27.30990874614297,0.629962682723999,283,1199.0
2,GRU sequence model (24 h),holdout_room7,26.67902183532715,31.315384722409206,0.40783292055130005,525,1199.0
