tier,model,MAE,RMSE,R2
1,Extremely randomised trees,13.607990055377718,18.290175017244355,0.8169226058674637
1,Gradient boosting (reported),14.378049721024846,19.40482894438758,0.792077397159765
1,Gradient boosting (no augmentation),15.146908398200525,20.4970867858241,0.7443589312608002
1,Elastic net,15.261122782686213,20.48570689053125,0.7741029679622526
1,Random forest,17.48641673828358,23.595043202535194,0.6457348990256295
1,Single decision tree,18.547068901573898,25.810985685186314,0.5845964234401116
1,k-nearest neighbours (k=15),18.62205886751502,25.302879310542846,0.6247528292164665
2,GRU sequence model (24 h),23.709261576334637,29.920274683655393,0.470161775747935
2,Ordinal stage classifier,25.013096037063047,33.657983546130616,0.37845958369019234
1,Support vector regression (RBF),26.265541164839565,30.179768286154808,0.5032794041534253
1,Ridge regression,31.597544964898436,66.62309243828814,-2.3471197211004706
2,Gompertz growth-curve inversion,33.166117165995566,41.3051085491311,0.03845276031331735
1,Neural network (MLP),42.30281679881114,100.83203595092726,-7.094406666808204
