test,fold,n_feat,MAE,RMSE,R2,n
clock_only,holdout_room2,2,35.67482044913194,41.82831109411062,0.06330547576807055,1400
clock_only,holdout_room6,2,36.452763709831,41.376878194727425,0.08365188356370667,1133
clock_only,holdout_room7,2,36.02615444638992,43.21060332610962,0.009368510970319655,1719
permuted_label,holdout_room2,330,36.48831626211102,45.64210329835367,0.3924577891785257,1400
permuted_label,holdout_room6,330,39.96131727427134,49.69255044805133,0.31410497615485944,1133
permuted_label,holdout_room7,330,34.56089544416204,43.14257264422142,0.46889638204846185,1719
sensor_health_only,holdout_room2,10,40.164421444670225,50.37061796096059,-0.35835060502459104,1400
sensor_health_only,holdout_room6,10,38.33099076691396,48.88840747940209,-0.27925413888908346,1133
sensor_health_only,holdout_room7,10,39.166986699989124,50.01482908728531,-0.3271776103507358,1719
fused_reference,holdout_room2,330,14.972318492579564,18.420509430539884,0.8183394619896949,1400
fused_reference,holdout_room6,330,16.546635605698977,23.26060322680387,0.7104077092759025,1133
fused_reference,holdout_room7,330,11.445118261956262,15.918412264405696,0.8655592382273074,1719
train_summer_test_fall,-,330,62.17947041968934,68.0138425281418,-6.359419047082345,2908
train_fall_test_summer,-,312,41.34621369242704,47.3734354517329,-8.086248966614914,1344
fused_without_acoustic_level,holdout_room2,283,14.21237017802806,17.761501895662505,0.8311050377712079,1400
fused_without_acoustic_level,holdout_room6,283,18.932435532097294,26.560664814966895,0.6224078714662431,1133
fused_without_acoustic_level,holdout_room7,283,11.193603856537143,15.600217663822345,0.8708802179667344,1719
thermal_join_fused_no_thermal,holdout_room2,332,14.971719034808228,18.3780090678531,0.8191767604513337,1400
thermal_join_fused_no_thermal,holdout_room6,332,17.000201489010713,24.17506517442518,0.6871901954623472,1133
thermal_join_fused_no_thermal,holdout_room7,332,11.126549596264407,15.616466128269563,0.8706111075194416,1719
thermal_join_fused_plus_thermal_tol1d,holdout_room2,342,10.557466321142336,14.376263731950623,0.8893505179770202,1400
thermal_join_fused_plus_thermal_tol1d,holdout_room6,342,11.819709711742481,17.594990578816095,0.8342997639977894,1133
thermal_join_fused_plus_thermal_tol1d,holdout_room7,342,8.15068410058478,12.085749980999953,0.9225041083010831,1719
thermal_join_thermal_only_tol1d,holdout_room2,10,14.971479650414482,28.194731816733526,0.5744081931514499,1400
thermal_join_thermal_only_tol1d,holdout_room6,10,12.59635745400453,23.914037366991057,0.6939087910023154,1133
thermal_join_thermal_only_tol1d,holdout_room7,10,14.95576975325548,28.141117325349732,0.5798405440787016,1719
thermal_join_fused_plus_thermal_tol7d,holdout_room2,342,1.9683850679852741,3.7704941478371,0.9923887871942202,1400
thermal_join_fused_plus_thermal_tol7d,holdout_room6,342,2.045604578891274,2.8709757751418317,0.9955883189614522,1133
thermal_join_fused_plus_thermal_tol7d,holdout_room7,342,2.6856318725187363,5.0188242786357415,0.9866360313297726,1719
thermal_join_thermal_only_tol7d,holdout_room2,10,0.9795011656796786,2.2597600205507278,0.9972661041583641,1400
thermal_join_thermal_only_tol7d,holdout_room6,10,0.89932678766777,1.1568745080691558,0.999283662721591,1133
thermal_join_thermal_only_tol7d,holdout_room7,10,1.5210481056439737,4.304771595874401,0.9901682303406112,1719
thermal_join_fused_plus_thermal_tol30d,holdout_room2,342,1.9683850679852741,3.7704941478371,0.9923887871942202,1400
thermal_join_fused_plus_thermal_tol30d,holdout_room6,342,2.045604578891274,2.8709757751418317,0.9955883189614522,1133
thermal_join_fused_plus_thermal_tol30d,holdout_room7,342,2.6856318725187363,5.0188242786357415,0.9866360313297726,1719
thermal_join_thermal_only_tol30d,holdout_room2,10,0.9795011656796786,2.2597600205507278,0.9972661041583641,1400
thermal_join_thermal_only_tol30d,holdout_room6,10,0.89932678766777,1.1568745080691558,0.999283662721591,1133
thermal_join_thermal_only_tol30d,holdout_room7,10,1.5210481056439737,4.304771595874401,0.9901682303406112,1719
thermal_diag_fused_no_thermal,holdout_room2,332,14.971719034808228,18.3780090678531,0.8191767604513337,1400
thermal_diag_fused_no_thermal,holdout_room6,332,17.000201489010713,24.17506517442518,0.6871901954623472,1133
thermal_diag_fused_no_thermal,holdout_room7,332,11.126549596264407,15.616466128269563,0.8706111075194416,1719
thermal_diag_fused_plus_thermal_real,holdout_room2,342,1.9683850679852741,3.7704941478371,0.9923887871942202,1400
thermal_diag_fused_plus_thermal_real,holdout_room6,342,2.045604578891274,2.8709757751418317,0.9955883189614522,1133
thermal_diag_fused_plus_thermal_real,holdout_room7,342,2.6856318725187363,5.0188242786357415,0.9866360313297726,1719
thermal_diag_thermal_only_real,holdout_room2,10,0.9795011656796786,2.2597600205507278,0.9972661041583641,1400
thermal_diag_thermal_only_real,holdout_room6,10,0.89932678766777,1.1568745080691558,0.999283662721591,1133
thermal_diag_thermal_only_real,holdout_room7,10,1.5210481056439737,4.304771595874401,0.9901682303406112,1719
thermal_diag_thermal_only_shuffled_s0,holdout_room2,10,1.2304292997850537,4.323178531499564,0.9899939270683574,1400
thermal_diag_thermal_only_shuffled_s0,holdout_room6,10,0.9208044744365805,1.2335039341501723,0.9991856218223347,1133
thermal_diag_thermal_only_shuffled_s0,holdout_room7,10,2.1176667600594263,10.576597902987318,0.9406496265481165,1719
thermal_diag_fused_plus_thermal_shuffled_s0,holdout_room2,342,7.508004257997867,11.001098398258637,0.9352068012393706,1400
thermal_diag_fused_plus_thermal_shuffled_s0,holdout_room6,342,13.157290395665358,18.674023724067407,0.813353065200955,1133
thermal_diag_fused_plus_thermal_shuffled_s0,holdout_room7,342,7.17991905768926,11.198938098657376,0.9334596384024665,1719
thermal_diag_thermal_only_shuffled_s1,holdout_room2,10,1.3993798605975694,6.231572628563792,0.9792100883000866,1400
thermal_diag_thermal_only_shuffled_s1,holdout_room6,10,0.9030077281073542,1.1587212765494832,0.9992813738561935,1133
thermal_diag_thermal_only_shuffled_s1,holdout_room7,10,1.7647355282795862,6.416618515726148,0.9781554094571457,1719
thermal_diag_fused_plus_thermal_shuffled_s1,holdout_room2,342,8.165667899647929,12.031083741265544,0.922506224188776,1400
thermal_diag_fused_plus_thermal_shuffled_s1,holdout_room6,342,11.958905818706082,16.373082270507872,0.8565151864219188,1133
thermal_diag_fused_plus_thermal_shuffled_s1,holdout_room7,342,7.280159130522554,11.372841303233468,0.9313770432627217,1719
thermal_diag_thermal_only_shuffled_s2,holdout_room2,10,1.2306104415618788,4.277715169203632,0.9902032720016164,1400
thermal_diag_thermal_only_shuffled_s2,holdout_room6,10,0.9122793939178776,1.1656853187069633,0.9992727098542659,1133
thermal_diag_thermal_only_shuffled_s2,holdout_room7,10,1.7715040086578515,6.278289906326641,0.9790871029273714,1719
thermal_diag_fused_plus_thermal_shuffled_s2,holdout_room2,342,8.955639748498914,12.586871850232313,0.9151810398632182,1400
thermal_diag_fused_plus_thermal_shuffled_s2,holdout_room6,342,11.867683367818005,15.593216959787378,0.8698582947850577,1133
thermal_diag_fused_plus_thermal_shuffled_s2,holdout_room7,342,7.213908385117388,11.436227064851543,0.9306099808037402,1719
thermal_diag_thermal_only_random_s0,holdout_room2,10,37.97538288595263,43.558740932955274,-0.015799415482403045,1400
thermal_diag_thermal_only_random_s0,holdout_room6,10,38.78191221617833,43.284648371995644,-0.002796564343702901,1133
thermal_diag_thermal_only_random_s0,holdout_room7,10,37.41457863970235,43.52292349240192,-0.005003531831539343,1719
thermal_diag_fused_plus_thermal_random_s0,holdout_room2,342,15.246700136911823,18.638626755513616,0.8140119051820909,1400
thermal_diag_fused_plus_thermal_random_s0,holdout_room6,342,17.15991176172285,24.25680279971319,0.6850713548650125,1133
thermal_diag_fused_plus_thermal_random_s0,holdout_room7,342,11.308229614278957,15.785515867837155,0.8677946511056748,1719
thermal_diag_thermal_only_random_s1,holdout_room2,10,37.99630848852328,43.606709802175665,-0.018037936538288113,1400
thermal_diag_thermal_only_random_s1,holdout_room6,10,38.811784709420145,43.31261192650357,-0.004092673494232146,1133
thermal_diag_thermal_only_random_s1,holdout_room7,10,37.50396594343089,43.604206706649535,-0.008760917259524215,1719
thermal_diag_fused_plus_thermal_random_s1,holdout_room2,342,15.108788287373812,18.54334057052104,0.8159086968220588,1400
thermal_diag_fused_plus_thermal_random_s1,holdout_room6,342,17.369444075162832,24.672354193078775,0.6741886330992344,1133
thermal_diag_fused_plus_thermal_random_s1,holdout_room7,342,11.152142965514345,15.627225927323359,0.8704327473083382,1719
thermal_diag_thermal_only_random_s2,holdout_room2,10,37.991858348511116,43.62086617809854,-0.01869903053473254,1400
thermal_diag_thermal_only_random_s2,holdout_room6,10,38.789656097938916,43.29916504032533,-0.0034693066095676794,1133
thermal_diag_thermal_only_random_s2,holdout_room7,10,37.4285677166604,43.58013583286779,-0.0076474900740504115,1719
thermal_diag_fused_plus_thermal_random_s2,holdout_room2,342,15.362972676687946,18.940090123203692,0.807946863133696,1400
thermal_diag_fused_plus_thermal_random_s2,holdout_room6,342,17.188711397026353,24.332880728860765,0.6830928013439133,1133
thermal_diag_fused_plus_thermal_random_s2,holdout_room7,342,11.310768251021491,15.797662770665148,0.8675911096564576,1719
thermal_diag_thermal_only_single_t_mean_c,holdout_room2,1,1.1659442960207425,3.9061421935753917,0.9918312910967555,1400
thermal_diag_thermal_only_single_t_mean_c,holdout_room6,1,0.9191838309571019,1.1729666866371598,0.9992635955477609,1133
thermal_diag_thermal_only_single_t_mean_c,holdout_room7,1,2.6630188233673895,12.03529505943516,0.9231498088020528,1719
thermal_diag_thermal_only_single_t_p10_c,holdout_room2,1,1.4225515156794226,6.537424001079708,0.9771192303487238,1400
thermal_diag_thermal_only_single_t_p10_c,holdout_room6,1,0.9132694979763526,1.1711241432473105,0.9992659072782955,1133
thermal_diag_thermal_only_single_t_p10_c,holdout_room7,1,2.159531370128318,9.850234950219475,0.9485216465516444,1719
thermal_diag_thermal_only_single_t_p90_c,holdout_room2,1,1.160957239820741,3.7534311748290765,0.9924575188019528,1400
thermal_diag_thermal_only_single_t_p90_c,holdout_room6,1,0.9854930033585753,1.4654016638891545,0.9988506338293927,1133
thermal_diag_thermal_only_single_t_p90_c,holdout_room7,1,3.63817498411536,15.57084699801081,0.8713659501685909,1719
thermal_diag_thermal_only_single_t_max_c,holdout_room2,1,1.5908669860236562,8.89025556852859,0.9576858311901877,1400
thermal_diag_thermal_only_single_t_max_c,holdout_room6,1,0.9439754076814935,1.246393362009862,0.9991685133045745,1133
thermal_diag_thermal_only_single_t_max_c,holdout_room7,1,3.1895632299647008,11.34452960867042,0.93171827970205,1719
thermal_diag_thermal_only_single_hotspot_frac,holdout_room2,1,0.9777085122522138,1.4434411581129394,0.998884536171673,1400
thermal_diag_thermal_only_single_hotspot_frac,holdout_room6,1,0.9317304408009917,1.190136940243504,0.9992418783129906,1133
thermal_diag_thermal_only_single_hotspot_frac,holdout_room7,1,2.848427780071873,10.237493725447514,0.9443943700039715,1719
thermal_diag_thermal_only_single_t_spatial_std_c,holdout_room2,1,1.4451245227939395,6.168472731767642,0.9796289872246793,1400
thermal_diag_thermal_only_single_t_spatial_std_c,holdout_room6,1,1.1357442255818335,1.8362341982078978,0.9981953158974111,1133
thermal_diag_thermal_only_single_t_spatial_std_c,holdout_room7,1,3.2741560217534826,11.342791210388302,0.9317392046296934,1719
thermal_diag_thermal_only_single_bird_frac,holdout_room2,1,1.4755821863201364,7.069740927588714,0.9732413424765992,1400
thermal_diag_thermal_only_single_bird_frac,holdout_room6,1,0.9177028026570967,1.1743182696807637,0.99926189748554,1133
thermal_diag_thermal_only_single_bird_frac,holdout_room7,1,2.3819587548558387,8.804751998087259,0.9588693356921674,1719
thermal_diag_thermal_only_single_ambient_est_c,holdout_room2,1,1.7240960413477828,10.029010305005512,0.9461515164107234,1400
thermal_diag_thermal_only_single_ambient_est_c,holdout_room6,1,0.9374079772283882,1.1982785304629202,0.9992314703877246,1133
thermal_diag_thermal_only_single_ambient_est_c,holdout_room7,1,1.8852932485247924,5.596549591054061,0.9833822515276205,1719
thermal_diag_thermal_only_single_frame_mean_c,holdout_room2,1,1.7009600040312105,10.133253356211844,0.9450262801286494,1400
thermal_diag_thermal_only_single_frame_mean_c,holdout_room6,1,0.9289249617589874,1.184551696078428,0.9992489772592298,1133
thermal_diag_thermal_only_single_frame_mean_c,holdout_room7,1,1.723331007092902,5.444822440467933,0.9842710797042441,1719
thermal_diag_thermal_only_single_t_bird_minus_ambient,holdout_room2,1,1.2184835084116548,3.658365644345464,0.992834746787191,1400
thermal_diag_thermal_only_single_t_bird_minus_ambient,holdout_room6,1,0.9677069186510447,1.3367531477623618,0.9990435825735512,1133
thermal_diag_thermal_only_single_t_bird_minus_ambient,holdout_room7,1,2.790141263097724,9.484836771280754,0.9522700267447434,1719
thermal_diag_thermal_only_ambient_free,holdout_room2,4,1.0163958177069303,3.659162903800146,0.9928316234316339,1400
thermal_diag_thermal_only_ambient_free,holdout_room6,4,0.9051399174213028,1.169439254117273,0.9992680180282436,1133
thermal_diag_thermal_only_ambient_free,holdout_room7,4,1.4827970187800577,4.020317450962365,0.9914246439220107,1719
thermal_diag_fused_plus_ambient_free,holdout_room2,336,2.4172550730109905,4.6568213741992635,0.9883898860583086,1400
thermal_diag_fused_plus_ambient_free,holdout_room6,336,2.790058537013689,3.7019219168079243,0.9926650094622442,1133
thermal_diag_fused_plus_ambient_free,holdout_room7,336,3.6036442257841266,5.565343934441329,0.9835670518263796,1719
