test,MAE,RMSE,R2
clock_only,36.05124620178429,42.138597538315885,0.052108623434032296
permuted_label,37.003509660181464,46.15907546354214,0.391819715793949
sensor_health_only,39.22079963719111,49.75795150921599,-0.32159411808813676
fused_reference,14.3213574534116,19.19984164058315,0.798102136497635
train_summer_test_fall,62.17947041968934,68.0138425281418,-6.359419047082345
train_fall_test_summer,41.34621369242704,47.3734354517329,-8.086248966614914
fused_without_acoustic_level,14.779469855554167,19.97412812481725,0.7747977090680619
thermal_join_fused_no_thermal,14.366156706694449,19.389846790182613,0.7923260211443742
thermal_join_fused_plus_thermal_tol1d,10.175953377823198,14.685668097255558,0.8820514634252975
thermal_join_thermal_only_tol1d,14.174535619224832,26.74996216969144,0.6160525094108222
thermal_join_fused_plus_thermal_tol7d,2.2332071731317615,3.886764733871558,0.9915377124951483
thermal_join_thermal_only_tol7d,1.1332920196638074,2.573802041498095,0.9955726657401888
thermal_join_fused_plus_thermal_tol30d,2.2332071731317615,3.886764733871558,0.9915377124951483
thermal_join_thermal_only_tol30d,1.1332920196638074,2.573802041498095,0.9955726657401888
thermal_diag_fused_no_thermal,14.366156706694449,19.389846790182613,0.7923260211443742
thermal_diag_fused_plus_thermal_real,2.2332071731317615,3.886764733871558,0.9915377124951483
thermal_diag_thermal_only_real,1.1332920196638074,2.573802041498095,0.9955726657401888
thermal_diag_thermal_only_shuffled_s0,1.4229668447603536,5.3777601228790175,0.9766097251462695
thermal_diag_fused_plus_thermal_shuffled_s0,9.281737903784162,13.624686740327808,0.894006501614264
thermal_diag_thermal_only_shuffled_s1,1.3557077056615032,4.6023041402798075,0.9855489572044753
thermal_diag_fused_plus_thermal_shuffled_s1,9.134910949625521,13.259002438335628,0.9034661512911389
thermal_diag_thermal_only_shuffled_s2,1.3047979480458693,3.9072301314124123,0.9895210282610846
thermal_diag_fused_plus_thermal_shuffled_s2,9.345743833811435,13.205438624957077,0.9052164384840053
thermal_diag_thermal_only_random_s0,38.05729124727777,43.45543759911761,-0.007866503885881762
thermal_diag_fused_plus_thermal_random_s0,14.571613837637877,19.56031514102132,0.7889593037175927
thermal_diag_thermal_only_random_s1,38.10401971379144,43.507842811776264,-0.010297175764014824
thermal_diag_fused_plus_thermal_random_s1,14.543458442683663,19.61430689697439,0.7868433590765438
thermal_diag_thermal_only_random_s2,38.070027387703476,43.50005568376389,-0.009938609072783544
thermal_diag_fused_plus_thermal_random_s2,14.620817441578597,19.690211207576535,0.7862102580446889
thermal_diag_thermal_only_single_t_mean_c,1.5827156501150779,5.704801313215904,0.9714148984821898
thermal_diag_thermal_only_single_t_p10_c,1.4984507945946977,5.852927698182164,0.9749689280595546
thermal_diag_thermal_only_single_t_p90_c,1.9282084090982254,6.92989327890968,0.9542247009333121
thermal_diag_thermal_only_single_t_max_c,1.9081352078899503,7.1603928464029565,0.9628575413989374
thermal_diag_thermal_only_single_hotspot_frac,1.5859555777083596,4.290357274601319,0.9808402614962116
thermal_diag_thermal_only_single_t_spatial_std_c,1.9516749233764186,6.449166046787948,0.9698545025839279
thermal_diag_thermal_only_single_bird_frac,1.5917479146110238,5.682937065118911,0.9771241918847688
thermal_diag_thermal_only_single_ambient_est_c,1.5155990890336544,5.607946142174164,0.9762550794420228
thermal_diag_thermal_only_single_frame_mean_c,1.4510719909610332,5.587542497586068,0.9761821123640412
thermal_diag_thermal_only_single_t_bird_minus_ambient,1.6587772300534744,4.8266518544628605,0.9813827853684952
thermal_diag_thermal_only_ambient_free,1.1347775846360968,2.949639869626594,0.994508095127296
thermal_diag_fused_plus_ambient_free,2.9369859452696025,4.641362408482839,0.9882073157823109
