model,training_rows,evaluated_on,MAE_mean_of_rooms,R2_mean_of_rooms,n_hours,MAE_room2,R2_room2,n_room2,MAE_room6,R2_room6,n_room6,MAE_room7,R2_room7,n_room7
"Extremely randomised trees, fused",any,own held-out hours,25.211177578562285,0.3871060164983877,10412,18.924131980199284,0.725690416987119,3718,39.00921167455671,-0.24226870892457875,3256,17.700189080930862,0.6778963414326229,3438
"Extremely randomised trees, fused",any,complete-case hours,15.704761895166278,0.7373377463221575,4252,11.467515934193122,0.8858248591495378,1400,25.562370384671972,0.423807649791339,1133,10.084399366633738,0.9023807300255959,1719
"Extremely randomised trees, fused",any,hours with morphometry,15.603840359161447,0.74956102816033,4973,12.3875958658345,0.8685484796931037,1573,24.37027528101826,0.47563178550371055,1660,10.053649930631583,0.9045028192841758,1740
"Extremely randomised trees, fused",any,hours without morphometry,34.49621004193249,-0.005472637590169545,5439,23.717591797400125,0.5993724703326533,2145,54.235173086382424,-1.0247730931816839,1596,25.535865242014932,0.40898271007852194,1698
"Extremely randomised trees, fused",complete,own held-out hours,13.607990055377712,0.8169226058674637,4252,12.961637005621695,0.8516618595139641,1400,16.875578307345304,0.7332362048629025,1133,10.98675485316614,0.8658697532255242,1719
"Extremely randomised trees, fused",complete,complete-case hours,13.607990055377712,0.8169226058674637,4252,12.961637005621695,0.8516618595139641,1400,16.875578307345304,0.7332362048629025,1133,10.98675485316614,0.8658697532255242,1719
"Extremely randomised trees, fused",complete,hours with morphometry,13.607990055377712,0.8169226058674637,4252,12.961637005621695,0.8516618595139641,1400,16.875578307345304,0.7332362048629025,1133,10.98675485316614,0.8658697532255242,1719
"Gradient boosting, fused",any,own held-out hours,22.508401370064036,0.5397141384377111,10412,18.33582915737699,0.7626287223414836,3718,32.95227021357608,0.12918083202856778,3256,16.237104739239044,0.7273328609430818,3438
"Gradient boosting, fused",any,complete-case hours,14.736270671367741,0.7680487929173573,4252,14.41624973547281,0.827286246877663,1400,20.53686364344508,0.5610737660873861,1133,9.255698635185334,0.9157863657870227,1719
"Gradient boosting, fused",any,hours with morphometry,14.782472852523929,0.7775813748368563,4973,14.653123796591267,0.8249955838849309,1573,20.449451231856678,0.5903545525307925,1660,9.244843529123838,0.9173939880948458,1740
"Gradient boosting, fused",any,hours without morphometry,30.13175151071194,0.2711495930114591,5439,21.03647975528652,0.6902414667689853,2145,45.956455370001024,-0.378486978129396,1596,23.40231940684827,0.5016942903947879,1698
"Gradient boosting, fused",complete,own held-out hours,14.378049721024846,0.792077397159765,4252,14.971719034808228,0.8191767604513337,1400,17.000201489010713,0.6871901954623472,1133,11.162228639255597,0.8698652355656141,1719
"Gradient boosting, fused",complete,complete-case hours,14.378049721024846,0.792077397159765,4252,14.971719034808228,0.8191767604513337,1400,17.000201489010713,0.6871901954623472,1133,11.162228639255597,0.8698652355656141,1719
"Gradient boosting, fused",complete,hours with morphometry,14.378049721024846,0.792077397159765,4252,14.971719034808228,0.8191767604513337,1400,17.000201489010713,0.6871901954623472,1133,11.162228639255597,0.8698652355656141,1719
"Gradient boosting, morphometry",complete,own held-out hours,14.576559730919117,0.7940981110339681,4252,16.625394546802315,0.7473121159714646,1400,15.531015126454545,0.7743265149569603,1133,11.573269519500494,0.8606557021734791,1719
"Gradient boosting, morphometry",complete,complete-case hours,14.576559730919117,0.7940981110339681,4252,16.625394546802315,0.7473121159714646,1400,15.531015126454545,0.7743265149569603,1133,11.573269519500494,0.8606557021734791,1719
"Gradient boosting, morphometry",complete,hours with morphometry,14.576559730919117,0.7940981110339681,4252,16.625394546802315,0.7473121159714646,1400,15.531015126454545,0.7743265149569603,1133,11.573269519500494,0.8606557021734791,1719
"Gradient boosting, morphometry",morph,own held-out hours,15.693587949436838,0.7664336252694063,4973,19.463654133312872,0.6731068237050446,1573,15.264497602514444,0.7804522671761487,1660,12.35261211248319,0.8457417849270257,1740
"Gradient boosting, morphometry",morph,complete-case hours,14.976315303446215,0.789819324352696,4252,17.88342396829856,0.7249425232948755,1400,14.686039684973109,0.798727816673238,1133,12.359482257066981,0.8457876330899745,1719
"Gradient boosting, morphometry",morph,hours with morphometry,15.693587949436838,0.7664336252694063,4973,19.463654133312872,0.6731068237050446,1573,15.264497602514444,0.7804522671761487,1660,12.35261211248319,0.8457417849270257,1740
