held_out_room,learning_rate,max_leaf_nodes,min_samples_leaf,n_iter,internal_train_rmse,internal_val_rmse,val_over_train,insample_train_mae,overfit_flag,roomblocked_inner_mae,is_default
room2,0.03,15,20,400,6.056994831699632,7.988755137794082,1.3189304861190356,3.7601056331459306,False,18.45401125430159,False
room2,0.03,15,40,400,6.160650945992771,7.997938319910304,1.2982294225113673,3.7994008513816158,False,18.061559080760592,False
room2,0.03,15,80,400,6.30578083811836,8.165783811411627,1.294967906599223,3.8730242869258706,False,17.982984183046717,False
room2,0.03,31,20,400,4.169721786808805,7.3408716707778465,1.760518338178146,2.6922854478945033,True,18.49191956673336,False
room2,0.03,31,40,400,4.536131089969015,7.3411301297284535,1.6183681609119016,2.8368546779420694,True,18.418566046608053,False
room2,0.03,31,80,400,5.2209887212662345,7.612455752314442,1.4580486874655056,3.138532477010568,False,18.492258533485014,False
room2,0.03,63,20,400,3.723336525253759,7.040450354502119,1.8908982056147308,2.36807809516546,True,18.40111859767131,False
room2,0.03,63,40,400,4.302140025181232,7.216750150546172,1.6774791402197933,2.67253393254215,True,18.585312276262574,False
room2,0.03,63,80,400,5.113923709093051,7.657109328687518,1.4973061320943128,3.064783031244288,False,18.47978065360258,False
room2,0.06,15,20,400,4.2701914343648815,7.446944348067589,1.7439368849221617,2.8976297880714146,True,17.754998753755718,False
room2,0.06,15,40,400,4.4311829970977925,7.359063267472851,1.6607446075444585,2.946754771060216,True,17.53495791215323,False
room2,0.06,15,80,400,4.74330041017221,7.586711592515503,1.5994583805498543,3.1170324068228132,True,17.374937749152412,False
room2,0.06,31,20,400,2.6729598890994333,7.125583233728886,2.6658025295432393,1.9885405054600043,True,18.381745655745156,False
room2,0.06,31,40,400,2.988932666926088,6.952366924505832,2.3260366489472863,2.1180820882992166,True,18.36606502233835,True
room2,0.06,31,80,400,3.817558892772232,7.325554987162046,1.9189107995246615,2.514565893771078,True,18.097370770611345,False
room2,0.06,63,20,400,2.262530930691991,6.978320426679201,3.0842983545621165,1.7403570816217298,True,18.183929723475067,False
room2,0.06,63,40,372,3.0700729598333623,7.0812747177237885,2.3065493264720804,2.1273991464013466,True,18.320362257939344,False
room2,0.06,63,80,400,3.809560918151373,7.269453820070679,1.908213039837214,2.4912310589770543,True,17.84289089508178,False
room2,0.1,15,20,400,3.22327550677911,7.264475068946344,2.253755551974346,2.398383168941932,True,17.518313933787763,False
room2,0.1,15,40,400,3.2775018176826256,7.044593890822165,2.1493790950215494,2.4012123431124452,True,16.594587993755354,False
room2,0.1,15,80,342,3.984473627437981,7.3823842349724424,1.8527878272642302,2.8051304682473774,True,17.863367202851848,False
room2,0.1,31,20,350,2.0204057269872235,6.992857639162756,3.4611155302902077,1.69844480879737,True,18.65101415888477,False
room2,0.1,31,40,400,2.1976786144769256,6.982856894901467,3.1773785524884275,1.7683248281069766,True,17.818153804676072,False
room2,0.1,31,80,363,3.192320354225235,7.432665316953469,2.3282955631679862,2.255156859654537,True,17.842769249960607,False
room2,0.1,63,20,324,1.9399018974241629,7.039325390041374,3.628701739705662,1.6070572100928555,True,18.43631800489119,False
room2,0.1,63,40,372,2.22125154608907,7.20192861701257,3.24228412117165,1.7690514095031264,True,18.3926447134785,False
room2,0.1,63,80,367,3.0219167343519393,7.214068021506778,2.387249105675263,2.165476389748762,True,18.094189271500316,False
room6,0.03,15,20,400,6.170271875532672,8.408820089332146,1.3627957177504797,3.7957030688265485,False,13.330134974364817,False
room6,0.03,15,40,400,6.264868043343418,8.420893293064413,1.3441453570617226,3.8190774287335203,False,13.365047286696486,False
room6,0.03,15,80,400,6.38404402360338,8.47641380337265,1.32774989834551,3.8659448758241743,False,13.036321568066583,False
room6,0.03,31,20,400,4.440700570507252,7.826743047362529,1.762501867237695,2.7634493009644543,True,13.449983946761073,False
room6,0.03,31,40,400,4.7520554742667604,7.943843714492427,1.6716647685427448,2.9028441092641866,True,13.521426034550018,False
room6,0.03,31,80,400,5.343346099940592,8.106670336438574,1.5171523956736968,3.168974634739083,True,13.28710937682139,False
room6,0.03,63,20,400,3.9471036988327,7.62592723884398,1.9320311349051307,2.4375617613119793,True,13.41021915719765,False
room6,0.03,63,40,400,4.371736828627958,7.684788250777327,1.7578341405306297,2.6593716410177035,True,13.490106328623412,False
room6,0.03,63,80,400,5.170179875274827,7.995298130763691,1.5464255255410608,3.0602544204921602,True,13.579130434141165,False
room6,0.06,15,20,400,4.512041382386379,7.7985178371861945,1.7283790586737984,2.985062209411619,True,13.172852604525534,False
room6,0.06,15,40,400,4.666457018747367,7.778916856328264,1.6669856435142707,3.0236107053186467,True,13.180314037359851,False
room6,0.06,15,80,400,4.964329004795131,7.844696923794488,1.580212938388483,3.1824729293729574,True,13.08318992933548,False
room6,0.06,31,20,400,2.966990699036372,7.420906155184279,2.5011558538402103,2.0763529941701893,True,13.73752718595233,False
room6,0.06,31,40,400,3.320924185534654,7.498154871269197,2.2578518666369454,2.2492747455936892,True,13.30552617241733,True
room6,0.06,31,80,400,4.1581225956111885,7.694521567748814,1.8504797275266056,2.6273429752599573,True,13.489714146318487,False
room6,0.06,63,20,400,2.5880940545450115,7.325611136272525,2.830504217343976,1.8396837793554526,True,13.815768107881475,False
room6,0.06,63,40,400,3.1566624600988176,7.605730331208332,2.4094214783326056,2.1159083859436607,True,13.844761499786166,False
room6,0.06,63,80,400,4.075523410276956,7.717184770399864,1.8935444588393215,2.5721719338667017,True,13.416323026368328,False
room6,0.1,15,20,239,4.608497592815928,7.809411269412468,1.6945677223714655,3.0779830929239953,True,13.406484447753588,False
room6,0.1,15,40,313,4.131734196233732,7.5355924676361825,1.8238328289620434,2.798969221349892,True,13.407209611952354,False
room6,0.1,15,80,372,4.092888663106928,7.766079675995261,1.8974568612135174,2.7783481129835508,True,13.10419777630275,False
room6,0.1,31,20,279,2.6973223447545904,7.540035663328222,2.795378045190307,2.0023593730936162,True,13.58047044598073,False
room6,0.1,31,40,189,3.8415730181942953,7.5830647903485975,1.973947847518193,2.538146426671714,True,13.74551982291576,False
room6,0.1,31,80,400,3.20375607233524,7.5476193291518205,2.3558657896355726,2.2297415135906564,True,13.775612295055279,False
room6,0.1,63,20,248,2.5591428840258468,7.257142936627309,2.8357709067072214,1.8647012307328727,True,14.043824412095685,False
room6,0.1,63,40,263,2.938317580890803,7.575626133661019,2.5782189722883304,2.0542605013547424,True,13.966676429186377,False
room6,0.1,63,80,299,3.6256953613935656,7.631277316227117,2.1047762030657684,2.4150364340762955,True,13.408192907116202,False
room7,0.03,15,20,400,6.141968075398747,8.04516170613078,1.3098670666093417,3.834579534033426,False,21.720684584486733,False
room7,0.03,15,40,400,6.25844573346101,7.994495758343809,1.2773931577933069,3.8643624351006416,False,21.703147282899735,False
room7,0.03,15,80,400,6.449054126811442,8.083423487823863,1.253427763029257,3.9534311288770705,False,21.75028555145876,False
room7,0.03,31,20,400,4.345438172470634,7.48598245146289,1.7227221178495504,2.755933476736644,True,22.541532740228554,False
room7,0.03,31,40,400,4.703550188164539,7.6032015814932405,1.6164814400460834,2.885661208113318,True,22.4161279482746,False
room7,0.03,31,80,400,5.48448855786726,7.699116769236272,1.4037984924213625,3.223539179783945,False,21.77367128816128,False
room7,0.03,63,20,400,3.8204683461218494,7.243605404032912,1.8959993246340812,2.396482991647051,True,22.79500594895191,False
room7,0.03,63,40,400,4.562168525174967,7.453272888164783,1.6337127502055475,2.7344718778264623,True,22.538822624642506,False
room7,0.03,63,80,400,5.396720731070316,7.660976721646242,1.4195614528541416,3.15909444274378,False,21.879623865623977,False
room7,0.06,15,20,400,4.373497781782939,7.313447025054458,1.6722192144505885,2.9153345536137896,True,21.676235763055445,False
room7,0.06,15,40,400,4.618432604366489,7.389576201166403,1.6000181953894794,3.0022062901077726,True,21.61615030851177,False
room7,0.06,15,80,400,4.89469234597903,7.428130513011072,1.517588846848209,3.1601760660675984,True,21.49730545524384,False
room7,0.06,31,20,328,3.2044325131463363,7.08445498068738,2.2108298276287823,2.2062053340371546,True,22.936853619762836,False
room7,0.06,31,40,400,3.1867834054572537,7.0932087806797215,2.225820797401183,2.182549023777919,True,22.623973769395697,True
room7,0.06,31,80,400,4.14354203012739,7.318111155775992,1.7661486483222668,2.6408447294714543,True,21.831456729826613,False
room7,0.06,63,20,400,2.475833571364528,7.016660383876254,2.834059795064941,1.7685194645300981,True,22.949715154323805,False
room7,0.06,63,40,400,3.113958798109926,7.068076378811819,2.2698040780442943,2.0926841337050717,True,22.663219951324216,False
room7,0.06,63,80,400,4.0413860633985905,7.133690457943614,1.765159365137356,2.5525762852318135,True,21.572110012962913,False
room7,0.1,15,20,400,3.1328701046199754,7.068755492995983,2.2563193675255935,2.3378678063196494,True,21.505922943752154,False
room7,0.1,15,40,400,3.4161885927495237,7.033772023363298,2.0589530795494397,2.4398148606205488,True,22.250731753060137,False
room7,0.1,15,80,400,3.8777331682279144,7.074511145526014,1.8243934893434133,2.6624573270125187,True,21.237775108744394,False
room7,0.1,31,20,400,1.818749258507347,7.031749645971996,3.866255677125595,1.5505885631217224,True,22.401395153947114,False
room7,0.1,31,40,291,2.8917957466683863,7.1583093014893535,2.4753855142557635,2.093478706514863,True,21.595298525286246,False
room7,0.1,31,80,400,3.0897050107567248,7.167284172271909,2.3197308957713445,2.189407516950249,True,21.732578716881157,False
room7,0.1,63,20,400,1.5586975780203605,6.802477812310435,4.364206314447469,1.3552737367259466,True,22.908849206008533,False
room7,0.1,63,40,288,2.807060674924274,7.176065737961769,2.556434138408981,1.9896997616571925,True,21.562393024532142,False
room7,0.1,63,80,400,3.0780869689175177,6.938394768950691,2.2541256433019963,2.1359682343780904,True,22.027567320528796,False
