feature_set,stage,MAE_room2,RMSE_room2,n_hours_room2,n_days_room2,flag_room2,MAE_room6,RMSE_room6,n_hours_room6,n_days_room6,flag_room6,MAE_room7,RMSE_room7,n_hours_room7,n_days_room7,flag_room7,MAE_mean_of_rooms,RMSE_mean_of_rooms,MAE_mean_of_reliable_rooms,n_reliable_rooms,unreliable_rooms
audio_bio_only,<45 d,29.445671390966304,37.4302197013985,93,11,,3.4979569521729066,3.8687712496143556,11,1,"unreliable, small sample",16.92482706749268,22.736232883080742,117,12,,16.62281847021063,21.345074611364534,23.18524922922949,2,room6
fused,<45 d,7.02431197578757,13.515493263937518,93,11,,1.995655035938716,3.1944252487552647,11,1,"unreliable, small sample",9.609961983131905,14.539003810957475,117,12,,6.209976331619397,10.416307441216754,8.317136979459738,2,room6
morph_only,<45 d,8.374822413125472,17.58893949228795,93,11,,2.160999414050716,2.3592593452084256,11,1,"unreliable, small sample",11.182208061501123,21.955382060769843,117,12,,7.23934329622577,13.967860299422071,9.778515237313297,2,room6
video_all,<45 d,6.757546983238369,13.313888860443619,93,11,,2.781172781029615,3.011707786609067,11,1,"unreliable, small sample",11.247308165681265,22.18025216177877,117,12,,6.92867597664975,12.835282936277153,9.002427574459817,2,room6
audio_bio_only,45-75 d,18.030711899396614,21.971420393142186,225,21,,15.531679113202724,23.14181182069865,303,28,,8.346000041526969,12.641128144565341,287,28,,13.969463684708769,19.251453452802057,13.969463684708769,3,
fused,45-75 d,13.051804458223506,16.73473266973577,225,21,,3.246807870031272,6.313919266023771,303,28,,6.706673626575592,10.239150450599995,287,28,,7.668428651610124,11.095934128786512,7.668428651610124,3,
morph_only,45-75 d,11.089265067408855,16.02676598881124,225,21,,7.120421369006294,12.133357803683124,303,28,,7.051720354701845,14.492969889315239,287,28,,8.420468930372332,14.217697893936533,8.420468930372332,3,
video_all,45-75 d,8.939496666371413,12.364456677423705,225,21,,5.738837468636113,9.12776532192531,303,28,,8.4047818907735,18.008298571294052,287,28,,7.694372008593675,13.166840190214353,7.694372008593675,3,
audio_bio_only,75-105 d,21.15072280787579,26.638026555436923,120,12,,49.089040406498995,54.097399030798606,160,18,,12.308532309731694,15.045471551034877,295,27,,27.516098508035494,31.926965712423467,27.516098508035494,3,
fused,75-105 d,27.400148156512685,29.160053450034937,120,12,,6.566462437409905,9.868744819733049,160,18,,20.499156106217548,24.160842502635955,295,27,,18.15525556671338,21.063213590801315,18.15525556671338,3,
morph_only,75-105 d,35.67882899364951,38.261508025838246,120,12,,11.328271815261365,13.740272909881137,160,18,,16.545935898392443,20.628820491159818,295,27,,21.184345569101108,24.210200475626397,21.184345569101108,3,
video_all,75-105 d,24.424250996679266,25.804453269017127,120,12,,7.8357892352515695,13.526051217747344,160,18,,18.95471979242255,23.52955151567326,295,27,,17.071586674784463,20.953352000812576,17.071586674784463,3,
audio_bio_only,105-140 d,16.30141072788732,19.35055539253553,395,34,,33.388412926671855,35.53245626867387,254,25,,17.685348259272175,20.517385418610854,405,35,,22.458390637943783,25.13346569327342,22.458390637943783,3,
fused,105-140 d,15.792051965015162,18.35544567960381,395,34,,15.368684991580588,18.058552339790182,254,25,,11.462288839410277,15.137534722075122,405,35,,14.207675265335341,17.183844247156372,14.207675265335341,3,
morph_only,105-140 d,23.43174664064104,26.204449094689867,395,34,,14.602726330198161,17.951425514208754,254,25,,12.405565973931148,15.594380524661084,405,35,,16.81334631492345,19.916751711186567,16.81334631492345,3,
video_all,105-140 d,18.60724860933718,21.901852408932555,395,34,,17.77412039762437,20.08285119769532,254,25,,10.6257025542793,14.156057590337479,405,35,,15.66902385374695,18.71358706565512,15.66902385374695,3,
audio_bio_only,>140 d,35.36025453063412,40.38063459893337,567,41,,11.478384717138509,15.784369599825517,405,31,,11.07858119924826,13.934245652829823,615,42,,19.305740149006965,23.366416617196236,19.305740149006965,3,
fused,>140 d,13.835293345538757,16.678863383272752,567,41,,32.842502022684634,36.903509069626274,405,31,,8.860507506880333,12.866182887655919,615,42,,18.512767625034574,22.149518446851648,18.512767625034574,3,
morph_only,>140 d,11.401428286850837,14.984054465927047,567,41,,24.429050596536744,28.152281038205537,405,31,,10.824362454566506,13.420441424550384,615,42,,15.55161377931803,18.852258976227656,15.55161377931803,3,
video_all,>140 d,11.435470151668538,14.923191336248228,567,41,,41.6480272371275,45.30256497218905,405,31,,8.52141861916101,12.453845850426207,615,42,,20.53497200265235,24.226534052954495,20.53497200265235,3,
